,g0,g1,g2,g3,g4,g5,g6,g7,g8,g9,g10,g11,g12,g13,g14,g15,g16,g17,g18,g19,g20,g21,g22,g23,g24,g25,g26,g27,g28,g29,g30,g31,g32,g33,g34,g35,g36,g37
BERISHA,3.0,6.0,0.0,4.5,5.0,7.5,3.0,7.0,0.0,4.0,6.0,4.0,7.5,5.0,6.0,3.0,7.0,0.0,5.0,5.5,0.0,7.0,4.0,0.0,4.0,4.5,7.0,7.0,0.0,5.0,7.5,7.0,5.0,5.0,5.0,5.0,0.0,5.0
TOLOI,6.0,6.0,0.0,6.5,6.0,0.0,0.0,0.0,6.5,6.5,7.5,5.5,6.0,6.0,5.5,5.5,6.5,7.5,6.5,6.0,7.0,6.0,6.0,0.0,5.5,9.0,6.5,6.5,6.5,0.0,5.5,0.0,6.5,6.5,6.0,3.5,0.0,5.5
PALOMINO,5.5,0.0,5.5,0.0,5.5,6.0,5.5,7.0,6.0,0.0,6.5,4.5,0.0,0.0,6.5,6.0,0.0,0.0,6.0,0.0,6.5,0.0,9.5,5.5,5.5,0.0,6.5,6.5,6.5,5.0,0.0,0.0,0.0,0.0,6.0,0.0,6.0,6.5
MASIELLO A,6.0,6.0,7.0,6.5,0.0,6.5,5.0,6.5,0.0,5.5,0.0,5.0,6.5,5.5,9.5,5.5,6.5,6.0,6.5,6.5,10.0,6.5,6.0,0.0,0.0,6.5,6.5,6.5,10.0,6.0,6.0,6.5,0.0,6.0,5.5,9.5,0.0,5.5
HATEBOER,6.0,6.0,6.0,6.0,0.0,6.0,4.5,0.0,6.5,0.0,6.0,6.0,5.5,6.0,5.5,5.5,6.5,6.0,6.5,6.0,6.0,6.5,6.0,5.5,5.0,6.0,0.0,0.0,6.5,6.0,6.5,6.5,5.5,6.0,6.0,0.0,6.0,6.0
CRISTANTE,9.5,6.0,6.0,6.0,0.0,10.0,9.0,6.5,0.0,1.5,9.5,5.5,10.0,6.0,6.0,5.0,10.0,5.5,6.0,6.5,10.0,7.5,5.5,5.0,4.5,5.5,6.5,9.5,5.5,5.5,6.0,7.0,6.5,11.5,6.0,6.5,5.5,6.5
DE ROON,4.5,6.0,6.5,0.0,4.5,0.0,5.5,5.5,6.5,6.0,6.0,6.0,5.0,0.0,5.5,0.0,6.0,5.0,8.0,0.0,6.0,6.0,6.0,6.0,5.0,5.5,10.0,6.0,5.5,9.5,6.0,4.5,6.0,6.0,7.5,5.0,5.5,6.0
FREULER,5.5,0.0,5.5,6.5,10.0,5.5,5.0,7.5,11.5,5.5,4.0,0.0,6.0,6.0,7.0,6.0,6.5,6.0,6.5,5.5,9.5,6.0,6.5,5.0,0.0,5.5,6.5,6.5,6.5,5.5,6.0,10.0,10.0,5.5,6.5,6.0,6.5,6.0
GOSENS,6.0,6.0,0.0,6.0,0.0,0.0,0.0,5.5,7.0,0.0,6.0,0.0,0.0,0.0,0.0,0.0,0.0,0.0,0.0,6.0,6.0,0.0,0.0,6.0,5.5,0.0,0.0,0.0,6.0,6.0,6.0,6.0,10.0,6.0,6.5,6.0,6.0,5.5
KURTIC,5.0,6.5,5.5,0.0,5.0,5.5,0.0,6.0,10.0,9.0,6.0,5.0,0.0,5.0,0.0,6.0,0.0,0.0,0.0,5.0,6.0,5.0,4.5,4.0,6.5,6.0,5.5,5.0,0.0,5.5,0.0,5.5,5.5,10.0,5.5,5.5,6.5,5.5
ILICIC,5.5,5.5,6.0,13.0,6.5,5.5,6.0,6.0,10.0,5.5,0.0,6.0,7.5,10.0,11.5,13.5,10.0,5.5,7.5,5.5,8.0,6.5,6.5,6.0,6.0,0.0,8.0,17.0,0.0,0.0,0.0,0.0,0.0,10.0,6.5,7.5,5.5,6.0
PETAGNA,6.0,10.0,5.5,11.0,0.0,6.0,6.0,5.5,0.0,5.0,5.5,6.0,6.0,7.5,6.0,7.5,6.5,5.0,6.0,0.0,6.0,6.0,5.5,9.0,5.5,5.5,5.5,6.5,9.5,4.5,0.0,5.0,0.0,0.0,0.0,0.0,0.0,5.0
CORNELIUS,0.0,10.0,0.0,0.0,7.5,5.0,5.0,10.5,6.0,0.0,0.0,0.0,5.0,6.0,5.5,0.0,0.0,6.0,10.0,5.5,5.5,5.5,6.0,0.0,5.5,0.0,5.5,0.0,0.0,5.5,5.5,0.0,0.0,0.0,0.0,0.0,0.0,5.5
GOMEZ A,6.5,7.5,9.5,13.0,2.0,7.5,6.0,0.0,6.5,0.0,6.0,5.0,6.5,6.0,6.5,8.0,7.0,9.5,8.0,6.0,0.0,0.0,0.0,8.0,5.0,6.0,5.5,11.0,8.0,6.5,5.5,10.0,6.5,7.5,6.5,6.0,6.0,6.5
GASPERINI,6.0,6.5,6.0,7.5,6.5,7.0,5.0,7.0,7.0,5.5,6.0,5.0,6.0,6.0,7.5,6.5,7.5,5.5,6.5,6.0,7.5,7.0,6.0,6.0,6.0,5.5,7.0,7.0,7.0,6.0,6.0,7.0,6.5,7.0,6.5,6.5,5.5,6.0
MIRANTE,7.5,3.0,3.5,5.0,0.0,8.0,5.0,5.5,3.0,0.0,0.0,3.5,7.5,4.5,4.0,2.5,5.0,4.0,3.0,7.5,3.0,1.5,4.0,6.0,7.5,5.0,6.0,5.0,0.0,5.5,7.0,5.5,7.5,4.5,2.5,4.0,0.0,4.5
TOROSIDIS,5.0,0.0,0.0,0.0,0.0,6.0,6.0,6.0,0.0,0.0,0.0,0.0,4.5,0.0,5.5,0.0,6.0,0.0,0.0,0.0,0.0,0.0,6.0,6.0,0.0,0.0,0.0,6.5,6.0,4.5,0.0,0.0,0.0,0.0,5.5,0.0,5.0,6.0
DE MAIO,6.0,5.0,0.0,0.0,6.5,0.0,6.0,5.5,5.5,0.0,0.0,0.0,6.5,5.0,0.0,0.0,0.0,0.0,0.0,10.0,5.0,5.0,5.5,5.5,0.0,6.0,5.5,5.5,6.0,5.0,6.5,0.0,5.5,9.5,3.0,5.5,5.5,5.0
MAIETTA,6.0,6.0,0.0,0.0,0.0,0.0,0.0,0.0,0.0,0.0,0.0,0.0,6.5,5.0,0.0,0.0,7.0,0.0,0.0,6.5,0.0,0.0,0.0,0.0,0.0,0.0,0.0,0.0,0.0,0.0,0.0,0.0,0.0,0.0,0.0,0.0,0.0,6.5
MASINA,6.5,4.5,5.5,5.5,5.5,0.0,5.0,5.5,4.0,5.5,6.0,4.5,6.0,7.0,6.0,5.0,6.0,4.5,0.0,6.0,4.5,5.5,5.0,0.0,6.5,6.0,5.0,6.5,6.0,5.5,6.0,5.5,6.0,5.0,0.0,6.0,5.0,5.0
PULGAR,0.0,4.0,6.0,6.0,5.5,7.5,5.5,6.0,6.5,4.5,0.0,6.0,6.5,5.0,6.0,5.5,6.5,6.0,1.0,6.0,5.5,9.5,6.0,10.0,6.5,5.0,5.0,5.5,9.5,5.5,5.5,0.0,0.0,5.5,0.0,6.5,0.0,5.0
TAIDER,6.0,0.0,7.5,6.0,0.0,0.0,6.0,0.0,0.0,0.0,0.0,0.0,0.0,0.0,5.5,0.0,0.0,6.0,0.0,0.0,0.0,0.0,0.0,0.0,0.0,0.0,0.0,0.0,0.0,0.0,0.0,0.0,0.0,0.0,0.0,0.0,0.0,6.5
KREJCI,0.0,5.5,0.0,0.0,0.0,0.0,0.0,0.0,5.0,0.0,5.5,0.0,0.0,0.0,0.0,6.0,5.0,0.0,0.0,0.0,5.5,0.0,0.0,6.0,0.0,0.0,0.0,0.0,0.0,0.0,0.0,0.0,0.0,0.0,0.0,0.0,6.0,0.0
POLI,4.5,5.5,5.0,6.0,5.0,6.0,10.0,6.0,0.0,5.0,6.0,6.0,6.5,5.0,0.0,5.5,3.5,0.0,5.5,5.5,5.5,6.0,6.5,10.0,6.0,0.0,0.0,0.0,6.0,6.0,6.5,0.0,6.0,5.5,5.5,6.0,6.0,6.0
DONSAH,10.0,0.0,0.0,6.0,6.0,6.5,7.0,5.5,5.0,0.0,5.5,10.0,8.0,5.0,6.0,6.0,0.0,6.0,5.5,6.5,0.0,6.0,0.0,0.0,6.0,5.0,6.0,6.0,5.5,5.5,0.0,0.0,0.0,0.0,0.0,6.0,0.0,6.0
VERDI,6.0,6.0,6.0,10.5,6.0,6.5,6.5,5.5,6.0,6.0,13.5,9.0,11.5,5.5,10.0,6.0,11.0,6.0,5.5,9.5,0.0,0.0,0.0,0.0,0.0,5.5,6.0,10.0,6.0,5.0,11.0,6.0,5.0,7.0,9.5,10.0,5.0,7.5
PALACIO,0.0,6.0,9.5,6.0,6.5,10.0,7.5,6.0,0.0,0.0,6.5,7.5,6.5,5.5,6.0,0.0,0.0,5.5,5.5,6.5,10.0,5.5,9.5,0.0,0.0,0.0,0.0,5.5,5.0,5.5,6.0,5.0,6.0,5.5,5.0,5.0,0.0,0.0
DESTRO,5.0,4.5,0.0,0.0,0.0,6.5,0.0,5.0,5.5,0.0,5.0,9.5,6.0,9.0,7.5,5.0,13.5,5.5,5.0,10.0,6.0,6.0,0.0,6.0,10.5,4.5,5.5,0.0,0.0,0.0,6.0,0.0,0.0,0.0,6.0,5.0,0.0,5.5
DI FRANCESCO F,6.5,5.5,6.0,6.5,0.0,0.0,6.5,6.5,0.0,6.0,6.0,0.0,0.0,0.0,0.0,0.0,0.0,5.5,5.0,5.5,7.5,5.5,5.5,7.5,5.5,6.0,6.0,0.0,7.5,4.5,0.0,6.0,0.0,0.0,0.0,0.0,0.0,10.0
DONADONI,6.5,5.5,5.5,6.5,7.0,6.5,6.5,5.5,5.0,5.5,5.5,7.0,7.0,6.0,6.0,5.5,7.0,5.5,5.0,7.0,5.5,5.0,6.0,7.0,6.5,6.0,5.0,6.5,6.5,5.5,6.0,6.0,6.0,5.0,6.5,5.5,5.5,6.0
SORRENTINO,3.5,3.0,5.5,4.0,7.5,5.5,7.5,4.0,2.0,2.0,7.5,9.5,6.5,0.0,9.0,5.5,2.0,5.5,5.0,0.5,4.5,5.5,5.5,5.0,5.5,4.5,5.0,6.0,6.0,8.5,7.0,7.5,3.5,2.5,5.0,6.0,7.0,5.0
CACCIATORE,5.5,6.0,6.5,6.5,7.5,6.5,6.5,7.5,4.5,8.5,6.5,6.0,6.0,5.0,6.5,5.0,8.5,6.0,7.0,5.0,3.5,0.0,0.0,5.5,5.5,5.0,4.5,5.5,6.0,0.0,5.5,6.0,5.5,4.5,6.0,0.0,0.0,5.5
DAINELLI,6.0,5.0,0.0,6.0,6.5,6.5,6.5,6.5,0.0,4.0,0.0,0.0,0.0,4.0,6.0,5.0,0.0,0.0,0.0,0.0,6.5,6.0,0.0,0.0,6.0,0.0,6.0,0.0,0.0,0.0,0.0,0.0,0.0,0.0,7.0,6.5,6.5,6.5
GAMBERINI,6.0,5.5,6.0,6.0,6.5,6.0,6.5,4.5,5.0,0.0,7.0,0.0,0.0,4.5,6.0,5.5,6.5,0.0,0.0,0.0,5.0,5.5,5.5,6.0,5.5,5.5,0.0,0.0,0.0,0.0,0.0,5.5,0.0,5.0,0.0,0.0,0.0,6.5
GOBBI,5.0,6.0,6.0,0.0,0.0,0.0,0.0,5.5,6.0,5.5,6.5,5.0,5.5,4.5,0.0,4.5,0.0,5.5,6.0,4.5,0.0,0.0,6.0,6.0,0.0,5.0,5.5,0.0,5.0,6.5,0.0,0.0,0.0,0.0,9.0,6.0,6.0,5.5
CASTRO,6.5,5.0,6.0,7.5,6.0,14.0,6.5,5.5,5.0,5.0,6.5,6.0,0.0,0.0,0.0,0.0,0.0,0.0,0.0,0.0,0.0,0.0,5.0,6.0,5.5,6.0,6.0,5.5,10.0,0.0,5.5,0.0,5.5,6.0,0.0,7.5,6.0,7.5
RADOVANOVIC,5.5,5.5,6.0,6.0,6.5,5.0,6.0,6.0,5.5,5.5,6.0,4.5,0.0,0.0,5.5,5.0,5.5,4.5,10.0,7.0,5.5,5.5,5.5,6.5,5.5,6.0,5.0,6.0,6.0,6.5,6.0,6.0,6.5,4.0,6.0,0.0,6.0,6.5
HETEMAJ,6.0,2.0,5.5,9.5,7.0,8.0,0.0,6.0,5.0,0.0,6.0,10.0,6.0,0.0,0.0,6.0,6.0,5.0,6.0,5.0,6.5,6.0,0.0,6.5,5.5,4.5,5.5,6.0,10.0,0.0,6.0,6.5,6.0,4.0,5.5,5.0,6.5,6.5
BIRSA,6.0,6.0,6.5,5.5,6.0,7.5,5.5,7.5,9.0,6.5,6.0,6.0,6.5,5.0,6.5,4.5,7.5,5.0,6.0,5.5,5.5,5.5,6.0,6.0,0.0,5.5,5.5,6.0,6.0,0.0,0.0,0.0,7.5,6.5,10.0,6.5,5.5,11.5
RIGONI N,0.0,6.0,0.0,0.0,5.5,0.0,5.5,0.0,0.0,0.0,0.0,0.0,5.0,4.5,0.0,5.0,0.0,0.0,0.0,0.0,0.0,5.5,0.0,0.0,0.0,0.0,0.0,0.0,0.0,6.0,6.0,5.5,5.5,5.0,5.0,5.5,0.0,-0.5
INGLESE,6.0,5.0,7.0,5.5,10.0,5.5,5.0,13.5,0.0,5.0,6.0,5.0,13.5,5.0,6.0,5.5,9.5,5.5,0.0,0.0,0.0,0.0,5.5,10.0,5.5,5.5,5.5,10.0,6.0,5.5,4.5,5.0,5.0,5.0,6.0,10.0,10.0,10.0
PELLISSIER,0.0,6.0,0.0,5.5,0.0,0.0,5.5,10.0,5.5,5.5,0.0,0.0,8.0,0.0,0.0,5.0,6.0,5.0,6.0,5.0,0.0,0.0,6.0,0.0,0.0,6.5,5.0,0.0,0.0,0.0,0.0,0.0,0.0,0.0,0.0,0.0,0.0,0.0
PUCCIARELLI,9.5,5.5,5.5,0.0,6.0,6.5,5.0,5.5,5.0,0.0,0.0,0.0,0.0,0.0,0.0,5.0,5.0,-0.5,6.0,9.5,5.0,0.0,0.0,4.5,5.0,0.0,0.0,0.0,0.0,0.0,0.0,5.5,6.0,5.0,0.0,0.0,0.0,5.5
GARRITANO,0.0,0.0,0.0,0.0,6.5,0.0,6.0,0.0,0.0,5.5,0.0,0.0,0.0,5.5,0.0,0.0,6.5,5.5,6.0,0.0,0.0,0.0,0.0,0.0,0.0,0.0,0.0,0.0,0.0,0.0,0.0,0.0,0.0,0.0,0.0,0.0,0.0,6.0
MARAN,6.5,5.0,6.0,6.0,7.0,7.0,6.0,7.0,5.0,4.0,7.5,6.5,6.5,5.0,6.5,5.0,5.5,5.0,6.0,5.0,6.0,5.0,5.0,7.0,5.0,5.5,5.0,6.0,6.5,6.0,6.5,6.0,5.5,4.5,0.0,0.0,0.0,6.5
SPORTIELLO,3.5,7.5,5.0,5.0,10.0,4.0,5.0,7.0,7.0,4.0,2.0,5.5,5.5,7.5,8.0,7.0,7.0,4.5,5.5,3.5,1.0,4.0,3.0,5.0,7.5,8.0,7.5,5.0,7.5,8.0,7.0,4.5,0.0,7.0,4.0,4.0,3.5,3.5
TOMOVIC,4.0,0.0,5.5,5.5,6.0,4.5,6.5,0.0,5.0,5.0,7.0,5.5,6.0,5.5,6.5,0.0,5.0,6.0,3.5,5.0,5.5,0.0,0.0,0.0,0.0,0.0,0.0,5.5,6.0,6.5,6.5,6.5,5.0,4.0,6.5,6.5,6.5,4.5
VITOR HUGO,0.0,0.0,6.0,0.0,0.0,0.0,6.0,0.0,0.0,0.0,0.0,0.0,6.0,6.0,0.0,0.0,6.5,6.0,0.0,5.0,0.0,0.0,0.0,0.0,6.0,6.5,10.5,6.5,6.0,5.0,5.0,6.0,5.0,0.0,0.0,0.0,5.5,4.5
ASTORI,6.0,10.0,5.5,5.5,6.5,5.5,6.0,6.5,6.0,4.5,6.0,6.0,6.0,7.0,6.5,6.5,6.5,6.5,5.5,0.0,5.0,6.5,5.5,7.0,8.0,0.0,0.0,0.0,0.0,0.0,0.0,0.0,0.0,0.0,0.0,0.0,0.0,5.5
OLIVERA M,0.0,0.0,0.0,0.0,6.0,0.0,0.0,0.0,0.0,6.0,0.0,5.0,0.0,0.0,0.0,0.0,0.0,0.0,0.0,0.0,0.0,0.0,0.0,0.0,0.0,0.0,0.0,0.0,5.5,0.0,0.0,0.0,6.0,0.0,0.0,0.0,4.5,5.5
VERETOUT,5.0,10.5,6.0,6.0,5.5,5.0,6.5,8.0,6.5,6.0,9.5,5.5,6.5,10.0,6.0,6.5,6.5,5.5,6.0,0.0,4.5,6.5,6.0,5.5,6.0,10.0,6.0,6.5,5.5,6.5,6.0,16.5,5.0,6.5,5.5,3.5,0.0,6.0
SANCHEZ,0.0,0.0,0.0,6.0,0.0,0.0,0.0,0.0,0.0,0.0,0.0,0.0,0.0,0.0,0.0,0.0,0.0,0.0,0.0,0.0,0.0,0.0,0.0,0.0,0.0,0.0,0.0,0.0,0.0,0.0,0.0,0.0,0.0,0.0,0.0,0.0,0.0,5.0
ZEKHNINI,0.0,0.0,0.0,0.0,0.0,0.0,0.0,0.0,0.0,0.0,0.0,0.0,0.0,0.0,0.0,0.0,0.0,0.0,0.0,0.0,0.0,0.0,0.0,0.0,0.0,0.0,0.0,0.0,0.0,0.0,0.0,0.0,0.0,0.0,0.0,0.0,0.0,0.0
GIL DIAS,6.5,9.5,6.5,5.5,5.5,5.5,0.0,0.0,0.0,5.5,7.5,5.0,0.0,0.0,6.0,6.0,0.0,5.5,0.0,5.5,9.5,5.5,5.5,6.0,0.0,5.5,5.5,0.0,0.0,5.5,6.0,5.5,5.5,0.0,0.0,0.0,0.0,6.5
BENASSI,5.5,8.0,5.5,5.5,0.0,5.5,6.5,10.0,11.5,9.5,5.5,5.5,6.0,5.5,5.0,6.0,5.5,5.5,5.5,4.5,5.0,6.5,6.0,5.0,6.0,6.0,5.5,5.5,0.0,10.0,5.5,0.0,4.5,6.0,10.0,5.0,5.0,5.5
CRISTOFORO,0.0,0.0,0.0,0.0,0.0,0.0,0.0,0.0,0.0,0.0,0.0,0.0,0.0,0.0,0.0,0.0,0.0,0.0,0.0,0.0,0.0,0.0,0.0,0.0,6.5,0.0,0.0,0.0,5.0,0.0,0.0,0.0,0.0,0.0,0.0,0.0,4.5,6.0
EYSSERIC,6.0,0.0,0.0,0.0,5.5,0.0,0.0,0.0,6.5,5.5,0.0,0.0,0.0,0.0,0.0,6.0,0.0,6.0,7.5,4.5,0.0,0.0,0.0,0.0,0.0,0.0,0.0,0.0,6.5,5.5,5.5,0.0,0.0,5.5,10.0,5.5,0.0,5.5
SIMEONE,5.5,9.5,5.5,5.5,5.5,10.0,6.5,7.5,11.0,5.0,9.5,7.5,5.0,10.0,5.5,5.5,5.5,10.0,10.0,5.5,5.0,5.0,5.0,5.0,5.0,10.0,5.0,6.0,10.0,10.0,5.0,5.5,5.5,17.5,7.5,5.0,9.5,5.5
BABACAR,6.0,6.0,0.0,0.0,5.0,5.5,0.0,10.0,10.0,4.5,6.0,6.5,9.5,6.0,0.0,5.5,10.0,0.0,6.5,4.5,0.0,4.5,5.5,9.5,5.0,5.5,10.0,5.5,0.0,0.0,9.0,0.0,0.0,5.5,6.0,6.0,5.5,6.0
PIOLI,5.5,7.5,6.5,5.0,6.0,5.0,6.5,6.5,7.0,5.0,5.5,6.5,6.5,7.0,7.0,5.5,6.5,6.0,7.0,4.5,4.5,7.0,6.5,6.0,6.5,7.0,6.5,6.5,7.0,7.0,6.0,6.0,5.0,7.5,7.0,4.0,5.0,5.5
PERIN,3.0,5.5,3.5,5.0,5.5,5.5,4.0,7.5,3.5,5.5,4.0,7.0,5.0,7.0,5.0,7.0,7.5,8.5,8.0,4.5,5.0,5.0,7.0,7.5,4.0,5.5,5.5,5.0,5.0,7.0,7.0,5.0,5.0,2.5,2.5,0.0,4.0,7.0
BIRASCHI,4.5,6.0,0.0,5.5,6.5,6.0,0.0,0.0,0.0,0.0,0.0,0.0,0.0,0.0,0.0,0.0,6.0,6.0,7.5,0.0,5.0,6.5,6.5,0.0,0.0,5.5,5.5,5.0,5.5,6.5,0.0,0.0,6.5,5.5,5.5,6.5,5.0,6.5
ROSSETTINI,5.5,6.0,5.0,6.0,6.0,4.5,6.5,7.0,5.0,5.5,4.0,0.0,0.0,0.0,0.0,6.0,0.0,0.0,6.5,5.5,0.0,6.5,0.0,6.5,6.0,6.0,0.0,0.0,0.0,0.0,7.0,5.0,6.0,4.0,0.0,0.0,0.0,5.5
GENTILETTI,4.5,6.0,4.0,0.0,0.0,0.0,0.0,0.0,0.0,0.0,0.0,0.0,0.0,0.0,0.0,0.0,0.0,0.0,0.0,0.0,0.0,0.0,0.0,0.0,0.0,0.0,0.0,0.0,0.0,0.0,0.0,0.0,0.0,0.0,0.0,0.0,0.0,5.5
LAZOVIC,5.0,6.0,0.0,5.5,0.0,6.5,0.0,5.5,6.0,0.0,5.5,0.0,0.0,0.0,0.0,0.0,0.0,0.0,6.0,5.5,0.0,0.0,6.0,0.0,6.0,0.0,6.5,6.5,5.5,0.0,6.0,0.0,7.5,5.5,6.0,0.0,0.0,6.5
BERTOLACCI,5.0,3.5,0.0,5.5,0.0,0.0,6.0,5.5,5.5,5.0,0.0,6.0,6.0,5.5,10.0,6.0,5.5,5.0,6.0,5.5,5.0,6.5,6.0,6.5,6.0,0.0,5.0,6.0,5.5,6.5,6.0,6.0,6.0,6.0,5.0,5.0,6.0,6.5
MIGUEL VELOSO,5.5,5.5,5.0,6.0,6.0,5.0,6.5,6.0,5.0,0.0,5.0,6.0,6.5,6.5,6.0,5.5,5.5,5.5,0.0,0.0,5.5,0.0,0.0,0.0,0.0,0.0,0.0,0.0,0.0,0.0,0.0,0.0,0.0,9.5,6.0,0.0,5.0,5.5
LAXALT,5.0,6.0,5.0,10.0,6.0,5.5,6.0,5.5,5.5,6.0,6.0,7.5,6.0,5.5,5.5,0.0,6.5,5.0,6.0,5.0,0.0,10.0,10.0,6.5,6.0,5.5,6.5,5.5,6.0,6.5,5.5,0.0,8.0,0.0,0.0,0.0,6.0,6.0
PANDEV,7.0,5.5,0.0,0.0,6.0,6.0,0.0,0.0,0.0,5.5,6.0,6.5,5.0,9.5,5.0,5.0,5.0,6.5,6.0,5.0,5.0,10.0,6.5,10.5,6.5,0.0,6.0,6.5,5.5,5.0,6.0,6.5,10.0,6.0,4.0,0.0,10.0,5.5
OMEONGA,0.0,6.5,0.0,0.0,5.0,0.0,0.0,0.0,5.5,5.5,6.5,0.0,0.0,5.0,6.0,6.0,0.0,0.0,0.0,6.0,6.0,0.0,0.0,6.0,0.0,0.0,6.0,0.0,0.0,0.0,0.0,0.0,0.0,0.0,0.0,5.5,5.5,6.0
GALABINOV,10.0,6.0,0.0,0.0,0.0,6.0,10.0,5.5,7.5,5.5,0.0,6.0,0.0,0.0,0.0,0.0,0.0,0.0,9.5,5.0,6.0,7.0,5.5,5.5,5.5,0.0,5.0,5.5,0.0,0.0,5.0,0.0,0.0,0.0,0.0,0.0,0.0,6.0
SALCEDO MORA,0.0,0.0,0.0,0.0,0.0,0.0,0.0,0.0,0.0,0.0,0.0,0.0,0.0,0.0,0.0,0.0,0.0,0.0,0.0,0.0,0.0,0.0,0.0,0.0,0.0,0.0,0.0,0.0,0.0,0.0,0.0,0.0,0.0,0.0,0.0,6.0,0.0,0.0
TAARABT,5.5,5.5,6.0,6.0,4.5,0.0,11.5,6.0,10.0,6.0,6.0,7.0,4.5,7.0,7.0,6.5,6.0,5.0,0.0,5.0,6.5,0.0,0.0,0.0,0.0,0.0,0.0,5.5,4.5,0.0,0.0,0.0,0.0,0.0,0.0,0.0,0.0,5.0
PALLADINO,5.5,0.0,0.0,6.0,0.0,6.0,0.0,0.0,0.0,0.0,0.0,0.0,0.0,0.0,0.0,0.0,0.0,0.0,0.0,0.0,0.0,0.0,0.0,0.0,0.0,0.0,0.0,0.0,0.0,0.0,0.0,0.0,0.0,0.0,0.0,0.0,0.0,6.0
JURIC,5.5,5.5,5.0,5.0,6.0,5.0,7.0,5.0,6.0,5.0,5.5,0.0,0.0,0.0,0.0,0.0,0.0,0.0,0.0,0.0,0.0,0.0,0.0,0.0,0.0,0.0,0.0,0.0,0.0,0.0,0.0,0.0,0.0,0.0,0.0,0.0,0.0,6.5
HANDANOVIC,5.0,7.0,8.5,4.5,7.5,5.5,2.5,8.5,3.5,4.0,5.0,7.0,5.5,7.5,8.0,3.5,4.5,8.0,6.0,5.0,5.0,5.0,5.5,3.5,7.0,8.0,7.0,7.0,7.0,5.5,7.5,7.0,6.0,3.0,7.5,4.0,4.5,7.5
D'AMBROSIO,5.0,7.0,6.0,5.5,10.0,6.0,6.5,6.5,6.5,5.0,5.5,8.0,5.5,6.5,5.0,5.0,5.5,0.0,0.0,0.0,5.5,6.0,5.5,6.0,5.0,5.5,6.0,6.0,6.5,5.0,5.5,6.5,7.5,5.5,0.0,5.0,9.5,6.0
MIRANDA,6.5,6.0,5.0,6.0,6.0,5.0,5.0,6.0,5.5,6.5,5.0,6.5,5.5,0.0,7.0,5.5,6.0,0.0,0.0,6.5,6.0,5.5,5.0,0.0,0.0,6.5,6.5,6.5,6.5,5.5,6.0,6.5,6.0,5.5,0.0,0.0,5.0,6.5
SKRINIAR,6.0,7.0,10.0,6.0,6.5,6.0,6.0,7.0,9.5,7.0,6.0,6.5,6.0,10.5,6.5,5.0,5.5,6.5,6.5,6.5,6.0,6.0,6.0,5.5,10.0,5.5,7.0,6.5,6.0,5.5,6.0,6.0,6.5,3.5,6.5,5.5,6.0,7.0
NAGATOMO,6.5,0.0,6.0,5.0,0.0,5.5,6.0,6.0,6.5,6.0,5.5,0.0,0.0,0.0,0.0,0.0,0.0,0.0,5.5,0.0,0.0,0.0,0.0,0.0,0.0,0.0,0.0,0.0,0.0,0.0,0.0,0.0,0.0,0.0,0.0,0.0,0.0,5.5
VECINO,9.5,6.0,6.0,5.5,5.5,5.5,6.5,6.5,7.5,6.5,6.0,6.0,6.0,0.0,5.5,5.0,0.0,5.0,5.5,10.0,5.5,5.0,5.5,5.5,7.0,0.0,0.0,0.0,0.0,0.0,0.0,0.0,5.0,3.5,0.0,5.5,9.5,6.5
BORJA VALERO,5.5,6.5,5.5,5.5,5.5,5.0,6.0,6.5,6.0,9.5,6.0,7.0,6.0,6.5,6.0,5.5,5.0,6.5,4.5,6.0,5.5,5.5,5.5,5.5,0.0,6.0,0.0,0.0,6.0,5.5,5.5,6.0,6.0,0.0,10.0,6.0,0.0,6.5
JOAO MARIO,6.5,6.5,6.0,5.0,7.5,6.0,0.0,6.0,6.0,0.0,0.0,0.0,0.0,6.0,0.0,0.0,0.0,6.0,5.0,0.0,0.0,0.0,0.0,0.0,0.0,0.0,0.0,0.0,0.0,0.0,0.0,0.0,0.0,0.0,0.0,0.0,0.0,7.5
CANDREVA,6.5,6.0,5.0,6.0,5.5,8.0,8.0,6.5,6.5,7.5,6.5,7.5,8.0,8.5,5.5,7.5,6.0,5.0,0.0,5.5,5.0,5.5,0.0,6.0,5.5,6.0,6.0,6.5,7.0,6.0,0.0,6.0,0.0,5.5,6.0,5.0,5.0,6.0
BROZOVIC,0.0,5.5,0.0,0.0,6.0,13.5,0.0,0.0,0.0,5.5,5.0,5.5,10.0,8.0,5.0,6.0,4.5,0.0,0.0,7.5,6.0,6.5,6.5,6.0,0.0,6.5,6.5,6.5,8.0,6.0,0.0,11.0,6.5,6.0,9.0,5.0,7.0,5.5
GAGLIARDINI,5.0,6.0,5.0,0.0,0.0,6.0,5.0,6.0,5.0,5.5,5.5,6.0,5.0,0.0,6.0,5.5,5.5,6.0,5.5,5.0,0.0,0.0,5.5,5.0,5.0,5.5,6.0,7.0,5.5,5.5,6.5,6.0,0.0,0.0,0.0,0.0,0.0,6.0
PERISIC,9.5,10.0,9.5,5.5,6.0,5.5,7.0,5.5,8.0,9.5,6.0,6.0,7.0,17.5,5.0,5.0,5.5,5.5,5.5,5.5,5.0,4.5,5.0,0.0,5.0,5.0,5.0,10.0,12.5,4.5,6.0,10.0,10.0,6.5,6.5,7.0,4.0,11.0
ICARDI,14.0,10.0,5.0,9.5,5.5,6.0,17.0,5.0,14.0,5.5,7.0,13.5,13.5,10.0,5.0,9.5,1.5,5.5,9.5,6.0,5.0,0.0,0.0,0.0,0.0,4.5,6.0,21.0,13.5,5.5,5.5,10.0,9.5,10.0,10.0,4.0,9.5,13.5
EDER,0.0,0.0,0.0,6.0,6.0,0.0,-0.5,0.0,-0.5,0.0,9.5,0.0,0.0,6.0,0.0,6.0,5.5,0.0,0.0,6.0,5.5,9.0,9.5,5.0,5.5,0.0,5.5,6.0,6.0,0.0,6.5,0.0,0.0,0.0,0.0,5.5,6.5,0.0
SPALLETTI,7.0,7.0,6.5,6.0,6.0,6.5,7.0,6.5,6.5,6.5,6.0,7.5,6.5,7.5,6.0,4.5,4.5,5.5,5.5,6.5,5.0,5.0,6.0,4.5,6.0,6.0,6.5,8.0,7.0,6.0,5.5,6.5,6.5,4.5,7.0,4.5,7.0,7.5
BUFFON,4.0,0.0,5.0,0.0,7.0,3.0,3.5,5.0,0.0,7.5,0.0,0.0,7.0,7.5,0.0,0.0,0.0,0.0,0.0,0.0,0.0,7.0,7.5,0.0,7.0,7.0,0.0,7.0,5.0,0.0,7.0,0.0,5.0,4.0,4.5,0.0,7.0,11.0
LICHTSTEINER,5.5,6.0,5.0,0.0,6.5,5.0,5.5,6.0,5.5,6.0,0.0,5.0,5.5,0.0,0.0,0.0,0.0,7.5,0.0,6.5,6.0,0.0,4.5,0.0,6.0,5.0,0.0,0.0,5.5,6.0,0.0,5.0,5.5,0.0,6.0,0.0,3.0,7.0
RUGANI,5.0,6.5,6.0,6.0,0.0,0.0,0.0,10.5,5.5,6.5,6.0,6.0,0.0,0.0,0.0,0.0,0.0,0.0,0.0,0.0,0.0,6.0,0.0,6.5,0.0,6.5,6.0,6.5,0.0,5.5,6.5,6.0,0.0,6.0,5.0,6.0,9.5,6.5
CHIELLINI,6.0,0.0,6.0,0.0,6.5,5.5,5.5,5.5,0.0,6.5,6.5,5.5,0.0,6.0,7.0,0.0,6.0,6.5,6.5,6.0,0.0,6.0,7.5,6.5,7.0,0.0,5.5,6.5,6.0,0.0,6.0,0.0,0.0,0.0,0.0,0.0,0.0,6.5
ALEX SANDRO,5.0,0.0,5.5,0.0,10.0,0.0,0.0,7.0,6.0,6.0,7.5,0.0,6.0,0.0,0.0,6.5,5.0,6.0,6.0,5.5,0.0,11.0,5.5,10.0,5.0,5.5,0.0,5.0,0.0,5.5,0.0,9.5,0.0,5.5,6.5,6.0,6.0,7.0
MARCHISIO,0.0,0.0,0.0,0.0,0.0,0.0,0.0,0.0,6.0,0.0,5.0,0.0,6.0,6.0,0.0,0.0,0.0,0.0,0.0,0.0,0.0,7.5,6.0,0.0,0.0,0.0,6.5,0.0,0.0,5.5,0.0,6.0,0.0,0.0,6.5,0.0,6.0,6.0
KHEDIRA,5.5,0.0,0.0,0.0,0.0,0.0,6.0,17.5,6.0,6.0,0.0,4.0,0.0,5.5,5.5,6.0,6.0,7.0,6.5,5.5,10.0,14.5,5.5,5.5,0.0,6.0,6.0,0.0,11.0,6.0,10.0,0.0,5.5,6.0,10.0,0.0,0.0,6.0
PJANIC,4.5,8.0,6.0,6.0,12.5,0.0,0.0,10.0,6.0,6.5,0.0,5.0,6.5,6.5,6.5,11.5,7.0,0.0,5.5,5.5,7.0,11.0,6.5,6.5,6.0,6.0,0.0,5.0,7.0,6.5,6.0,0.0,6.0,5.0,0.0,5.0,10.0,7.5
CUADRADO,9.5,0.0,7.0,8.0,7.5,6.0,0.0,7.0,10.0,6.5,9.5,5.0,0.0,0.0,7.0,0.0,5.5,0.0,0.0,0.0,0.0,0.0,0.0,0.0,0.0,0.0,0.0,0.0,10.0,7.0,6.5,6.0,5.5,7.0,6.0,0.0,0.0,6.0
DOUGLAS COSTA,0.0,5.5,6.0,0.0,6.5,6.0,9.0,6.0,9.0,0.0,6.5,6.5,7.0,7.0,0.0,6.5,0.0,0.0,7.5,10.0,8.0,0.0,6.0,6.0,8.0,6.0,6.5,5.5,7.0,10.0,10.5,8.0,5.5,9.5,9.5,6.0,6.5,6.0
DYBALA,17.5,10.5,18.0,5.5,13.5,2.0,2.0,7.0,10.0,8.0,5.0,9.5,5.5,7.5,6.0,6.0,0.0,13.5,6.5,0.0,0.0,0.0,0.0,5.5,6.0,10.0,13.5,5.5,11.5,17.0,5.5,5.0,4.5,7.5,10.0,6.0,6.5,10.5
MANDZUKIC,7.0,5.5,7.0,10.0,6.5,5.5,5.0,3.5,0.0,6.5,5.5,5.0,10.0,0.0,5.0,10.0,6.0,5.5,6.0,7.5,5.5,6.0,5.5,0.0,5.5,5.0,6.0,5.5,0.0,4.5,10.0,0.0,6.0,4.5,0.0,5.5,6.0,10.0
HIGUAIN,7.5,9.5,5.5,5.0,0.0,9.5,5.0,6.5,10.0,14.0,9.5,9.0,0.0,10.0,4.5,6.0,5.0,6.5,5.5,5.5,9.0,17.0,10.0,0.0,11.5,0.0,4.5,5.0,5.5,6.5,0.0,5.5,5.0,9.5,5.5,5.0,6.0,10.0
MATUIDI,6.5,6.0,6.0,6.5,6.5,6.5,6.0,0.0,0.0,0.0,7.5,0.0,5.0,5.5,6.0,10.0,6.5,9.5,5.5,5.5,0.0,6.0,0.0,0.0,10.0,5.5,6.0,5.5,5.5,6.0,6.5,6.5,6.0,5.5,5.5,6.0,0.0,6.0
ALLEGRI,7.0,7.0,6.5,6.5,7.5,6.0,5.0,7.0,7.0,7.0,6.5,5.0,6.5,8.0,5.5,7.5,6.5,7.0,6.5,6.5,5.5,7.5,6.5,7.0,6.0,6.0,7.0,5.5,7.0,6.5,7.0,5.5,4.5,5.5,6.0,6.5,6.5,7.0
STRAKOSHA,6.0,5.0,4.5,2.5,8.0,5.5,9.5,7.5,5.5,5.5,7.5,4.5,6.0,5.0,3.0,4.0,7.0,8.0,4.5,5.0,4.5,4.0,2.0,7.0,7.5,5.0,4.0,4.5,3.0,5.0,7.5,3.0,7.0,6.5,6.0,3.5,1.5,7.0
WALLACE,6.0,0.0,0.0,0.0,0.0,0.0,0.0,0.0,0.0,0.0,6.0,0.0,0.0,0.0,0.0,4.5,6.0,0.0,5.5,5.5,0.0,0.0,2.0,6.0,6.0,0.0,0.0,5.5,0.0,0.0,0.0,0.0,0.0,0.0,0.0,5.5,0.0,5.5
DE VRIJ,6.0,6.5,5.0,10.0,0.0,8.5,6.5,6.5,6.5,6.0,6.5,6.0,10.0,5.5,6.0,6.5,6.5,7.0,6.5,6.5,6.0,5.0,8.5,6.0,0.0,6.5,6.0,6.0,10.0,6.5,6.5,6.0,10.0,6.5,6.0,7.5,5.0,6.0
RADU,5.5,7.0,5.5,4.5,6.0,6.5,6.5,6.0,5.5,6.0,6.0,6.0,5.5,6.0,5.0,5.5,0.0,5.0,6.5,0.0,4.5,6.0,5.0,6.5,6.0,6.0,5.0,0.0,0.0,0.0,4.0,0.0,7.5,6.0,0.0,4.5,6.0,6.0
BASTA,6.0,7.0,5.5,5.0,0.0,0.0,0.0,0.0,0.0,0.0,6.5,0.0,6.0,0.0,6.0,0.0,0.0,0.0,6.5,0.0,0.0,0.0,0.0,0.0,0.0,0.0,5.5,0.0,0.0,0.0,0.0,0.0,0.0,0.0,0.0,6.0,0.0,6.5
MARUSIC,0.0,0.0,6.0,5.0,10.0,6.5,6.0,7.5,6.5,9.5,0.0,6.0,6.0,6.5,6.0,5.0,6.0,6.0,0.0,8.0,8.5,5.5,5.5,6.0,4.0,0.0,0.0,5.5,6.0,6.0,5.0,9.0,6.5,6.0,5.5,0.0,6.0,6.0
PAROLO,7.0,6.5,0.0,5.0,5.5,14.0,6.5,6.5,6.5,9.5,6.5,6.0,5.0,6.5,5.5,6.5,7.5,6.5,5.5,7.5,5.0,9.5,5.5,6.0,6.0,5.0,5.0,6.0,5.5,0.0,7.0,0.0,6.0,0.0,0.0,0.0,0.0,5.5
LUIS ALBERTO,7.0,10.5,5.5,6.0,6.5,15.0,8.0,7.5,8.0,6.5,6.0,4.5,8.0,6.0,10.0,10.0,6.5,6.0,11.5,10.0,5.5,5.0,5.0,8.0,0.0,5.0,6.5,6.5,12.5,10.0,6.0,14.5,0.0,3.5,7.5,0.0,0.0,4.5
MILINKOVIC-SAVIC,10.5,7.0,6.5,6.0,0.0,6.5,6.5,6.0,10.0,7.5,7.0,5.0,5.5,10.5,6.0,13.5,6.0,5.5,7.5,14.0,6.0,0.0,5.5,6.5,14.0,5.5,6.0,0.0,6.0,6.0,5.5,6.0,11.5,9.5,5.5,9.5,6.0,6.0
LULIC,5.5,8.0,6.0,5.5,6.0,6.5,6.0,6.5,8.5,6.0,7.5,5.0,6.0,5.5,5.5,5.5,11.5,5.5,6.0,5.5,4.0,0.0,5.0,6.0,6.0,5.0,5.0,0.0,0.0,5.5,5.5,6.0,6.5,6.5,6.0,10.0,5.5,6.0
CAICEDO,6.0,0.0,6.0,0.0,6.0,0.0,5.5,0.0,0.0,0.0,0.0,0.0,4.0,10.0,5.5,6.5,0.0,0.0,0.0,0.0,5.0,0.0,5.5,0.0,0.0,0.0,0.0,0.0,10.0,5.0,0.0,0.0,0.0,5.5,10.0,5.0,0.0,0.0
PALOMBI,0.0,0.0,0.0,0.0,0.0,0.0,0.0,0.0,0.0,0.0,0.0,0.0,0.0,0.0,0.0,0.0,0.0,0.0,0.0,0.0,0.0,0.0,0.0,0.0,0.0,0.0,0.0,0.0,0.0,0.0,0.0,0.0,0.0,0.0,0.0,0.0,0.0,5.0
LUKAKU,6.5,6.5,8.0,5.5,6.0,0.0,0.0,0.0,0.0,0.0,0.0,0.0,0.0,0.0,0.0,0.0,0.0,0.0,0.0,0.0,0.0,0.0,0.0,0.0,0.0,0.0,0.0,0.0,0.0,0.0,0.0,0.0,0.0,0.0,0.0,0.0,0.0,6.0
IMMOBILE,10.0,19.0,13.5,7.5,15.0,8.5,13.5,13.5,2.0,13.0,0.0,8.5,5.0,5.0,3.5,0.0,11.5,5.5,21.0,6.0,0.0,5.0,7.0,13.5,9.5,5.5,9.5,5.0,13.5,11.5,5.0,6.5,13.0,6.0,0.0,0.0,6.0,5.5
INZAGHI S,7.0,8.0,7.0,6.0,7.5,8.0,7.5,7.0,7.0,8.0,7.0,6.0,5.0,7.0,6.0,5.5,7.0,6.5,7.0,7.0,6.0,5.0,5.0,7.0,7.0,6.0,5.5,5.5,7.5,6.5,6.0,6.0,7.0,6.5,6.0,6.5,5.5,5.5
DONNARUMMA G,5.5,1.5,5.0,7.0,3.5,3.5,3.0,7.0,5.5,4.0,7.5,4.5,7.5,4.0,5.5,2.5,3.5,6.0,7.5,4.5,5.0,2.5,7.0,7.0,7.5,7.0,7.0,4.0,3.0,5.0,8.0,5.5,5.0,5.5,5.0,4.0,5.0,7.0
CONTI,6.0,0.0,0.0,0.0,0.0,0.0,0.0,0.0,0.0,0.0,0.0,0.0,0.0,0.0,0.0,0.0,0.0,0.0,0.0,0.0,0.0,0.0,0.0,0.0,0.0,0.0,0.0,0.0,0.0,0.0,0.0,0.0,0.0,0.0,0.0,0.0,0.0,6.5
ABATE,0.0,0.0,0.0,6.5,5.0,0.0,0.0,0.0,0.0,6.0,6.0,6.0,0.0,4.5,6.0,0.0,5.0,0.0,0.0,0.0,5.5,6.0,6.0,0.0,0.0,0.0,0.0,0.0,0.0,6.0,0.0,5.0,0.0,0.0,10.0,4.0,0.0,6.0
BONUCCI,6.0,4.0,6.0,6.5,4.5,5.5,4.5,3.0,0.0,0.0,6.0,5.0,6.5,6.5,6.0,5.0,5.5,5.0,10.0,6.5,6.5,5.0,6.0,6.5,6.5,6.5,6.0,5.5,9.5,5.0,0.0,6.5,5.5,5.5,6.5,6.0,6.0,5.5
MUSACCHIO,6.0,4.5,6.0,0.0,0.0,5.0,5.0,0.0,6.0,0.0,0.0,5.5,0.0,5.0,5.0,0.0,5.0,0.0,0.0,0.0,0.0,0.0,0.0,0.0,0.0,0.0,0.0,0.0,0.0,5.0,6.5,0.0,0.0,0.0,5.0,0.0,0.0,6.5
RODRIGUEZ R,5.5,5.0,6.5,10.0,5.5,6.0,4.5,6.0,6.5,5.0,0.0,0.0,6.0,5.0,6.0,6.0,5.0,6.0,6.0,3.5,0.0,0.0,6.0,2.5,6.5,5.0,6.0,5.5,4.5,6.0,6.0,6.0,5.5,5.0,6.0,6.5,5.5,6.5
KESSIE',4.5,5.0,7.0,10.0,4.5,5.0,5.5,6.5,7.0,4.5,7.0,5.5,5.5,6.0,6.5,5.5,4.5,5.5,6.5,13.5,6.5,6.5,5.0,0.0,6.5,5.5,6.0,2.0,6.0,5.0,5.5,5.0,4.5,6.5,6.5,10.0,6.0,10.0
LOCATELLI M,0.0,0.0,0.0,0.0,0.0,0.0,6.0,0.0,6.0,6.0,5.5,6.0,0.0,0.0,0.0,5.5,0.0,0.0,0.0,6.0,0.0,0.0,0.0,0.0,0.0,6.0,0.0,0.0,0.0,0.0,0.0,5.0,5.0,5.0,6.5,6.0,6.5,6.0
MAURI J,0.0,0.0,0.0,0.0,0.0,0.0,0.0,0.0,0.0,0.0,0.0,0.0,0.0,0.0,0.0,0.0,0.0,0.0,0.0,0.0,0.0,0.0,0.0,0.0,0.0,0.0,0.0,0.0,0.0,0.0,0.0,0.0,0.0,0.0,0.0,0.0,0.0,0.0
CALHANOGLU,5.0,6.5,6.5,5.5,5.5,4.0,0.0,6.0,9.0,5.0,6.5,0.0,5.0,0.0,0.0,0.0,5.5,10.0,6.0,6.5,8.0,6.0,6.0,7.0,6.0,6.5,6.5,9.5,7.5,6.0,5.5,0.0,0.0,10.0,10.0,5.0,12.5,6.5
SUSO,11.5,4.5,5.5,6.0,5.5,0.0,10.0,7.0,12.0,5.5,10.0,6.0,6.5,5.0,6.5,3.5,0.0,6.5,6.5,5.5,6.5,10.0,7.0,6.5,7.5,5.0,8.0,6.5,6.0,6.0,5.5,5.5,5.5,5.0,9.0,5.0,0.0,11.5
CUTRONE,9.5,5.0,6.0,0.0,6.0,6.0,6.0,0.0,0.0,0.0,0.0,0.0,6.0,0.0,6.0,5.5,4.5,5.0,5.5,0.0,10.0,0.0,13.5,6.0,10.0,5.5,6.5,9.5,0.0,5.5,0.0,5.5,5.0,7.0,10.0,0.0,14.0,11.0
ANDRE' SILVA,0.0,0.0,0.0,5.5,0.0,6.0,5.5,0.0,0.0,5.5,0.0,5.5,5.5,0.0,5.5,5.0,0.0,5.5,0.0,0.0,5.5,5.0,6.0,6.0,0.0,0.0,10.0,10.0,5.0,6.0,5.5,6.0,4.5,0.0,0.0,0.0,6.0,6.5
BORINI,5.5,5.0,0.0,0.0,0.0,6.5,6.5,6.5,6.0,6.0,5.5,5.0,0.0,5.0,7.5,4.0,6.0,5.0,0.0,0.0,0.0,6.0,10.0,0.0,0.0,0.0,5.0,5.0,0.0,0.0,0.0,6.0,5.5,6.0,9.5,-0.5,0.0,6.5
MONTELLA,6.0,4.0,6.5,7.0,5.0,5.0,5.5,6.5,7.0,5.0,6.0,4.5,5.0,0.0,0.0,0.0,0.0,0.0,0.0,0.0,0.0,0.0,0.0,0.0,0.0,0.0,0.0,0.0,0.0,0.0,0.0,0.0,0.0,0.0,0.0,0.0,0.0,7.0
REINA,5.0,8.0,7.0,4.0,3.0,7.0,8.0,7.5,4.0,5.0,0.0,4.5,7.0,6.0,7.0,4.5,3.5,7.5,7.0,8.0,5.5,7.0,5.0,7.0,7.5,1.5,7.0,7.0,5.0,5.0,7.5,4.0,7.0,3.0,4.0,7.0,4.5,5.5
HYSAJ,0.0,6.0,6.5,0.0,6.0,6.5,6.0,6.5,6.0,0.0,6.0,6.5,6.0,6.0,5.5,6.5,4.5,6.0,6.0,6.0,6.0,6.0,6.5,6.0,7.5,5.5,6.0,6.5,6.0,5.5,5.5,5.5,6.0,4.5,5.5,6.0,6.0,4.0
CHIRICHES,0.0,5.5,0.0,0.0,0.0,0.0,0.0,0.0,5.5,5.5,0.0,0.0,6.5,0.0,0.0,0.0,0.0,0.0,0.0,0.0,5.5,0.0,0.0,0.0,0.0,0.0,0.0,0.0,0.0,0.0,0.0,0.0,0.0,0.0,5.5,0.0,0.0,6.0
KOULIBALY,5.5,7.0,6.5,10.0,6.0,10.5,7.0,6.0,6.5,0.0,5.5,7.0,6.5,5.5,6.5,10.5,6.5,6.5,10.0,6.5,5.5,6.0,6.0,6.5,5.5,6.0,6.5,5.5,5.0,5.0,5.5,0.0,10.5,3.0,0.0,7.0,6.5,6.0
GHOULAM,6.5,7.0,9.5,6.5,11.5,6.5,6.0,6.0,5.0,6.0,0.0,0.0,0.0,0.0,0.0,0.0,0.0,0.0,0.0,0.0,0.0,0.0,0.0,0.0,0.0,0.0,0.0,0.0,0.0,0.0,0.0,0.0,0.0,0.0,0.0,0.0,0.0,10.0
ZIELINSKI,10.0,10.0,0.0,6.5,6.0,0.0,6.0,6.0,6.5,5.5,4.5,10.0,6.0,6.0,5.0,10.0,6.0,6.0,6.0,6.0,6.5,6.0,8.5,6.5,6.0,5.0,6.0,5.0,5.5,6.5,6.5,6.5,6.0,5.5,5.5,6.0,6.5,6.0
DIAWARA,6.5,6.0,0.0,0.0,5.5,0.0,6.0,0.0,7.5,0.0,0.0,0.0,6.0,0.0,-0.5,6.0,6.0,6.0,0.0,0.0,6.0,0.0,0.0,0.0,6.0,0.0,0.0,0.0,0.0,10.0,0.0,5.5,0.0,0.0,0.0,0.0,0.0,6.5
HAMSIK,5.0,5.0,6.5,7.5,6.0,10.0,6.0,6.5,5.5,6.5,6.0,6.0,5.0,5.5,6.0,10.0,10.0,10.0,6.0,6.0,5.5,10.0,5.5,6.0,10.0,5.5,5.5,6.0,6.0,6.0,5.5,5.5,6.0,4.5,10.0,5.5,6.0,6.0
ALLAN,7.0,6.5,10.0,6.0,6.0,6.5,6.5,6.0,0.0,10.0,6.0,5.5,6.0,6.0,6.5,7.5,10.5,8.0,6.5,7.0,6.0,6.5,6.5,10.0,8.5,5.5,5.0,5.5,5.5,5.5,6.0,6.0,6.0,7.0,6.0,7.5,6.5,6.0
CALLEJON,6.0,11.5,10.0,10.0,11.0,6.5,5.5,6.0,6.0,10.0,5.0,5.5,6.0,5.0,4.5,6.0,6.5,6.5,10.0,6.5,6.0,7.5,11.5,7.5,10.0,6.0,5.0,6.5,9.5,5.0,5.5,8.5,7.5,4.5,7.0,5.0,10.0,6.5
GIACCHERINI,0.0,0.0,6.0,0.0,0.0,0.0,0.0,0.0,0.0,5.5,0.0,0.0,0.0,0.0,0.0,0.0,0.0,0.0,0.0,0.0,0.0,5.0,5.5,10.0,0.0,9.5,5.5,5.5,7.5,6.0,0.0,5.5,6.0,0.0,5.5,9.5,6.0,5.5
MILIK,0.0,0.0,0.0,0.0,5.5,0.0,0.0,0.0,0.0,0.0,0.0,0.0,0.0,0.0,0.0,0.0,0.0,0.0,0.0,0.0,0.0,0.0,0.0,0.0,0.0,6.0,0.0,0.0,6.5,10.0,5.0,10.0,5.5,4.5,5.0,9.5,10.0,10.0
MERTENS,11.5,10.0,17.0,10.0,5.5,11.5,6.5,5.5,14.0,10.0,5.0,8.0,5.0,4.5,5.5,7.5,8.5,5.5,5.5,10.0,13.5,10.0,10.0,6.0,10.0,8.5,5.5,6.0,5.0,1.5,5.0,6.0,5.5,5.0,9.5,5.5,6.0,6.5
INSIGNE,8.0,7.5,11.5,6.5,9.5,6.0,10.0,5.5,6.5,6.5,6.0,10.0,5.0,5.5,0.0,6.5,10.0,6.0,7.5,6.0,6.5,6.5,7.0,6.5,11.5,11.0,4.5,6.0,4.5,7.0,6.5,10.0,6.5,4.5,5.0,5.5,9.0,8.5
SARRI,7.0,7.0,8.0,7.0,7.0,7.0,7.0,6.0,7.0,7.0,5.5,7.0,6.0,5.5,5.0,7.0,7.0,6.5,6.5,7.0,6.5,7.0,6.5,7.0,7.0,6.0,6.0,6.5,5.5,6.0,5.5,6.5,7.0,5.0,5.0,7.0,7.0,7.0
ALISSON,3.0,6.0,7.0,7.0,5.0,7.5,5.0,6.5,7.0,7.0,4.5,5.0,5.0,8.5,7.0,7.0,6.0,5.0,4.0,6.5,6.5,7.0,4.0,8.0,4.5,5.5,8.0,7.5,5.0,4.0,7.0,5.0,7.5,9.0,8.0,7.0,0.0,7.0
BRUNO PERES,0.0,0.0,0.0,6.5,6.0,5.5,5.5,0.0,0.0,5.5,0.0,6.0,0.0,0.0,5.5,0.0,0.0,0.0,0.0,5.0,0.0,0.0,0.0,0.0,5.5,0.0,0.0,6.0,0.0,5.5,5.5,0.0,6.0,6.0,5.5,0.0,0.0,6.0
FAZIO,4.5,6.0,6.0,7.0,6.5,7.0,6.0,0.0,6.5,6.5,6.0,6.0,5.0,0.0,6.5,10.0,5.0,5.5,4.5,5.5,0.0,7.0,10.0,6.5,5.5,6.5,0.0,6.0,6.0,6.0,6.5,6.0,6.0,6.5,6.5,6.5,5.0,0.0
MANOLAS,5.0,6.5,6.5,0.0,6.0,6.5,6.0,0.0,0.0,0.0,10.0,5.5,0.0,5.5,0.0,6.0,6.0,6.5,6.0,6.5,5.5,6.0,5.0,6.5,5.5,6.5,10.0,0.0,6.0,5.0,6.0,5.5,6.5,6.0,0.0,0.0,6.5,5.5
JUAN JESUS,3.5,0.0,0.0,6.0,0.0,0.0,5.0,6.5,0.0,6.0,0.0,0.0,5.5,6.0,6.0,0.0,0.0,5.0,0.0,5.5,5.0,0.0,0.0,6.0,0.0,0.0,6.5,6.0,0.0,6.0,5.0,6.0,0.0,3.5,0.0,6.0,0.0,6.5
KOLAROV,6.0,5.0,8.0,8.5,6.0,6.5,6.5,10.5,7.0,0.0,5.0,6.5,6.5,8.0,7.0,6.5,4.5,6.0,6.5,6.0,4.5,6.0,7.5,0.0,5.0,6.0,6.5,8.0,6.5,6.0,6.0,8.0,0.0,7.0,6.0,5.5,6.5,10.0
STROOTMAN,5.5,4.5,0.0,6.5,7.0,5.5,0.0,5.5,0.0,5.5,6.0,5.5,5.0,10.0,6.0,0.0,5.5,0.0,5.0,6.0,5.5,6.0,6.0,6.0,6.0,5.5,6.5,6.0,4.5,5.5,6.0,0.0,6.0,0.0,0.0,0.0,6.0,6.0
DE ROSSI,5.5,0.0,5.5,0.0,6.5,6.0,4.5,6.5,0.0,6.0,0.0,6.5,3.0,0.0,0.0,6.0,5.0,5.5,0.0,0.0,0.0,0.0,0.0,7.0,0.0,6.5,9.5,0.0,5.0,0.0,5.0,0.0,0.0,6.5,6.0,6.0,0.0,6.0
NAINGGOLAN,7.5,5.5,10.0,0.0,7.5,6.5,5.0,6.5,5.5,0.0,8.0,10.0,5.0,0.0,5.5,6.0,6.0,6.0,0.0,6.5,5.0,6.0,0.0,7.5,5.0,7.5,9.0,10.0,6.0,5.0,6.5,0.0,10.0,9.0,6.5,4.0,0.0,6.0
DEFREL,6.0,5.0,0.0,0.0,5.5,0.0,0.0,0.0,6.0,5.5,0.0,0.0,5.5,0.0,0.0,0.0,0.0,0.0,0.0,0.0,5.5,0.0,9.5,0.0,5.5,0.0,0.0,0.0,6.0,5.0,0.0,0.0,0.0,0.0,0.0,0.0,0.0,4.5
EL SHAARAWY,5.5,0.0,7.5,5.5,13.5,5.0,0.0,6.0,0.0,10.0,7.0,6.0,9.5,9.0,5.0,6.0,5.0,5.5,7.5,10.0,5.5,6.0,5.5,5.5,0.0,0.0,5.0,10.0,5.0,5.0,6.0,5.0,6.0,10.0,0.0,5.5,6.0,5.5
DZEKO,10.0,9.5,13.5,14.0,11.5,9.5,5.5,5.5,5.5,6.0,7.0,6.0,5.0,10.5,5.5,5.0,5.0,6.5,10.0,5.5,5.0,6.0,10.0,5.5,5.5,13.5,0.0,5.5,10.0,5.5,6.5,6.0,0.0,14.0,7.5,5.5,5.0,5.0
PEROTTI,7.0,0.0,0.0,8.0,3.5,0.0,5.5,0.0,10.0,6.0,10.0,11.0,5.0,0.0,6.0,2.0,6.0,6.0,5.0,0.0,6.0,0.0,7.5,9.5,5.5,9.5,0.0,0.0,7.5,0.0,0.0,0.0,6.0,0.0,0.0,0.0,6.5,6.0
PELLEGRINI,0.0,6.5,6.5,6.0,0.0,6.5,5.5,6.0,6.0,7.0,5.5,0.0,0.0,10.0,0.0,5.0,5.5,10.0,5.5,5.0,6.0,3.5,0.0,5.5,5.5,0.0,9.5,6.0,0.0,0.0,0.0,6.0,8.0,6.0,0.0,6.0,5.5,0.0
DI FRANCESCO,6.0,6.0,7.0,7.0,7.5,7.0,5.5,6.5,6.0,7.0,7.0,7.0,6.0,7.0,5.5,6.0,5.5,5.0,5.0,6.5,5.0,6.5,7.0,6.5,4.5,7.0,6.5,7.0,6.0,5.0,6.0,6.0,7.0,7.5,6.5,6.5,6.5,6.0
PUGGIONI,5.0,0.0,4.0,7.5,7.0,1.0,5.5,7.0,3.0,0.0,0.0,0.0,0.0,0.0,0.0,0.0,0.0,0.0,0.0,0.0,0.0,5.0,1.0,4.0,4.0,0.0,5.5,4.0,4.5,1.5,4.5,3.0,8.0,0.0,4.0,8.0,4.0,5.5
SALA,6.0,0.0,5.0,0.0,0.0,0.0,0.0,6.5,0.0,6.5,0.0,0.0,0.0,0.0,0.0,0.0,0.0,6.0,4.0,0.0,0.0,0.0,0.0,0.0,0.0,0.0,4.5,0.0,5.5,6.0,4.5,0.0,0.0,6.0,5.5,0.0,0.0,5.5
SILVESTRE,6.0,6.0,5.0,7.0,7.0,5.5,5.5,6.5,4.5,6.0,7.0,6.5,5.0,6.0,5.0,5.5,5.0,6.5,5.5,6.5,7.0,6.0,6.5,6.0,7.5,0.0,4.5,4.0,6.0,7.0,5.0,6.0,0.0,6.5,6.0,0.0,0.0,6.5
REGINI,6.0,0.0,5.5,6.5,0.0,0.0,5.5,0.0,0.0,0.0,0.0,0.0,0.0,0.0,0.0,0.0,0.0,6.0,5.5,0.0,0.0,0.0,0.0,0.0,0.0,6.0,0.0,6.0,5.5,5.5,4.5,0.0,0.0,0.0,0.0,5.5,6.5,6.5
PAVLOVIC,0.0,0.0,0.0,5.0,0.0,0.0,0.0,5.0,5.5,5.5,6.0,0.0,5.0,5.0,0.0,0.0,0.0,0.0,0.0,0.0,0.0,6.0,0.0,0.0,0.0,5.5,0.0,0.0,0.0,0.0,0.0,0.0,0.0,0.0,0.0,0.0,0.0,5.5
BARRETO E,0.0,0.0,5.5,0.0,6.5,3.0,0.0,0.0,5.0,6.0,6.0,6.0,5.0,5.5,6.0,5.0,5.5,5.0,5.5,0.0,6.5,5.5,10.0,6.0,6.0,0.0,6.0,4.0,0.0,0.0,5.5,0.0,5.5,6.0,5.5,0.0,0.0,5.5
TORREIRA,6.0,6.5,6.5,6.5,7.0,5.0,6.5,7.5,6.0,14.0,7.0,10.5,5.0,6.5,6.0,6.0,4.5,6.5,5.0,6.0,6.0,10.0,6.5,5.5,6.5,0.0,5.5,5.0,5.5,6.5,5.5,5.5,4.5,6.5,5.5,5.5,0.0,7.0
PRAET,5.5,6.0,6.0,6.0,6.5,5.5,7.0,8.0,7.5,5.5,7.0,5.5,0.0,6.0,5.5,6.0,5.5,6.5,6.0,7.0,0.0,0.0,0.0,0.0,0.0,6.0,6.0,5.5,6.0,6.5,6.0,5.5,5.0,10.0,6.0,5.0,5.0,6.5
DJURICIC,0.0,0.0,0.0,0.0,0.0,0.0,0.0,0.0,0.0,0.0,0.0,0.0,0.0,0.0,0.0,0.0,0.0,0.0,0.0,5.0,6.0,5.0,5.0,4.5,6.0,7.0,6.0,6.0,5.5,6.5,7.5,6.0,7.0,6.5,0.0,0.0,0.0,0.0
RAMIREZ,7.0,6.0,5.5,6.0,6.5,5.5,5.5,6.0,5.0,6.0,10.0,7.0,5.0,6.5,9.0,4.5,9.5,5.5,5.5,10.5,6.5,5.0,0.0,5.0,6.0,6.0,5.0,4.0,5.5,0.0,5.5,6.0,5.0,10.0,5.0,5.0,5.0,7.5
LINETTY,6.0,5.5,0.0,5.5,0.0,6.0,10.0,10.0,6.5,9.5,6.5,6.0,0.0,0.0,0.0,0.0,0.0,0.0,7.0,7.0,6.5,5.5,6.0,4.5,6.0,5.5,4.5,0.0,5.5,6.0,0.0,6.0,6.0,7.0,5.5,5.0,6.0,6.0
CAPRARI,9.5,6.0,0.0,5.5,0.0,5.0,9.5,10.0,6.0,6.5,0.0,0.0,5.5,0.0,6.0,5.5,5.0,5.0,9.5,6.0,6.0,5.5,8.0,5.5,5.0,10.0,5.0,5.0,6.0,6.0,6.0,6.0,5.0,0.0,5.0,5.5,4.0,6.0
BONAZZOLI,0.0,0.0,0.0,0.0,0.0,0.0,0.0,0.0,6.0,0.0,0.0,0.0,5.5,5.5,0.0,0.0,0.0,0.0,0.0,0.0,0.0,0.0,0.0,0.0,0.0,0.0,0.0,0.0,0.0,0.0,0.0,5.5,0.0,0.0,0.0,0.0,0.0,6.0
QUAGLIARELLA,9.5,10.0,10.0,5.5,6.0,5.5,7.5,9.5,10.0,8.0,10.0,7.5,5.0,7.0,13.5,5.0,9.5,13.5,5.5,17.5,0.0,5.5,10.0,5.5,6.5,0.0,5.0,5.0,9.5,6.0,5.5,5.5,5.5,6.5,5.0,0.0,5.5,13.5
GIAMPAOLO,7.0,6.5,6.5,6.0,7.5,5.0,7.0,7.5,6.0,7.0,7.0,7.5,5.0,6.0,5.5,5.5,5.5,6.5,5.5,7.5,7.0,6.0,7.0,5.5,7.0,7.0,4.5,4.0,5.5,6.0,5.0,6.0,4.5,7.0,5.0,5.0,5.0,6.5
CONSIGLI,3.0,4.0,2.0,7.5,5.5,0.5,7.5,7.0,5.0,2.0,4.0,5.5,4.5,3.5,5.5,7.0,11.5,5.5,5.5,5.0,2.0,-1.0,7.0,4.0,3.0,5.0,5.0,5.0,6.5,6.5,4.0,7.5,6.5,1.0,7.0,7.0,0.0,7.5
LIROLA,5.5,7.5,6.0,6.0,6.0,4.5,6.0,0.0,0.0,0.0,0.0,0.0,0.0,5.5,6.0,5.5,6.5,6.0,6.0,6.0,5.5,5.0,6.0,6.0,0.0,5.0,6.0,5.5,5.5,6.0,0.0,0.0,0.0,0.0,0.0,0.0,0.0,5.5
CANNAVARO,5.5,5.5,5.0,6.0,5.5,4.5,6.0,6.5,5.0,5.5,5.5,6.0,5.0,4.0,0.0,0.0,0.0,6.5,0.0,0.0,0.0,0.0,0.0,0.0,0.0,0.0,0.0,0.0,0.0,0.0,0.0,0.0,0.0,0.0,0.0,0.0,0.0,5.5
ACERBI,6.0,5.5,5.0,6.5,6.5,4.5,6.5,6.0,5.5,5.5,5.5,6.0,5.5,5.5,3.5,6.5,7.0,6.5,5.0,5.0,6.0,4.0,6.5,5.5,5.5,6.5,5.5,6.5,7.0,6.5,5.0,6.5,7.0,5.0,6.5,6.5,6.0,6.0
PELUSO,0.0,0.0,0.0,0.0,0.0,6.0,6.0,5.5,4.5,5.5,5.0,10.0,5.5,5.0,6.5,5.5,6.0,7.5,5.5,6.0,5.0,3.0,6.0,5.0,5.0,6.0,6.0,0.0,5.5,6.0,5.5,6.0,5.5,5.0,5.5,0.0,5.5,6.0
SENSI,6.0,10.0,5.5,6.5,5.0,5.5,6.0,5.5,6.0,4.0,0.0,5.5,0.0,0.0,0.0,0.0,0.0,0.0,0.0,0.0,0.0,0.0,0.0,0.0,0.0,0.0,0.0,10.0,7.0,6.5,0.0,0.0,0.0,0.0,6.0,0.0,0.0,6.0
MISSIROLI,5.5,0.0,0.0,6.5,6.5,5.5,6.0,6.5,6.5,5.5,5.0,7.0,5.5,5.0,5.5,6.5,6.5,10.0,5.5,6.5,5.5,5.0,6.0,6.0,4.5,6.5,6.0,5.5,6.0,6.5,6.0,0.0,6.5,6.0,6.0,6.5,5.5,6.0
MAGNANELLI,5.0,5.5,5.5,5.5,4.0,0.0,5.5,6.5,5.0,0.0,0.0,5.0,5.0,4.5,0.0,6.5,6.0,6.0,6.5,6.0,5.0,4.0,5.5,5.0,6.0,5.0,5.5,0.0,0.0,0.0,6.0,6.5,6.5,5.5,0.0,6.0,6.0,5.5
DUNCAN,4.0,6.0,5.5,6.0,6.0,5.5,6.0,6.0,0.0,0.0,0.0,0.0,0.0,0.0,6.0,6.5,5.5,6.0,5.0,6.5,5.0,5.0,5.0,5.0,0.0,0.0,5.5,0.0,0.0,0.0,0.0,6.0,6.5,5.5,7.5,6.5,5.5,5.5
BERARDI,5.0,6.0,0.0,0.0,6.0,8.5,5.0,2.5,5.0,0.0,0.0,3.5,5.0,5.0,5.5,5.0,6.0,0.0,5.0,10.0,5.0,5.0,5.0,5.5,3.5,5.0,0.0,0.0,5.0,5.5,5.5,6.0,5.0,9.0,6.5,9.5,6.0,5.0
FALCINELLI,5.0,5.5,5.5,0.0,5.5,0.0,5.5,6.0,6.0,9.5,5.0,0.0,5.5,5.5,6.0,4.5,10.0,5.0,5.0,5.5,5.5,5.5,0.0,5.5,5.5,5.5,0.0,6.0,0.0,0.0,5.5,5.5,5.0,0.0,8.0,5.5,0.0,6.0
MATRI,0.0,6.0,6.0,6.5,5.5,5.5,5.0,0.0,6.5,0.0,6.0,9.5,5.0,5.0,2.5,10.0,0.0,5.5,6.5,5.0,6.0,6.0,5.5,0.0,0.0,0.0,6.0,0.0,0.0,0.0,0.0,0.0,0.0,0.0,0.0,0.0,0.0,0.0
POLITANO,6.0,0.0,9.0,5.0,0.0,5.0,5.0,10.0,6.0,7.5,6.5,6.5,5.5,5.5,11.5,2.5,8.0,6.5,5.5,6.0,6.0,5.5,5.5,5.5,5.5,6.0,2.0,8.0,10.5,10.0,14.0,6.0,10.0,5.5,10.0,10.0,6.5,4.5
RAGUSA,5.0,5.5,6.0,5.0,0.0,0.0,0.0,6.5,5.5,4.0,5.0,5.0,0.0,0.0,0.0,7.5,6.5,6.0,0.0,5.5,5.5,0.0,0.0,-0.5,6.0,6.0,6.0,0.0,5.5,5.5,0.0,6.0,6.5,5.0,0.0,0.0,0.0,5.5
BUCCHI,5.0,5.5,5.0,6.0,5.5,5.0,5.0,6.5,5.0,5.5,5.0,6.0,5.0,0.0,0.0,0.0,0.0,0.0,0.0,0.0,0.0,0.0,0.0,0.0,0.0,0.0,0.0,0.0,0.0,0.0,0.0,0.0,0.0,0.0,0.0,0.0,0.0,5.5
SIRIGU,7.0,8.0,4.5,4.5,3.0,4.0,4.0,4.5,3.0,4.5,5.0,5.0,8.5,5.0,5.5,3.0,4.5,7.5,11.0,5.5,7.0,4.5,7.0,5.0,4.5,5.5,3.0,8.0,7.5,8.5,7.0,5.5,4.5,9.5,4.0,5.0,0.0,5.0
ZAPPACOSTA,0.0,0.0,0.0,0.0,0.0,0.0,0.0,0.0,0.0,0.0,0.0,0.0,0.0,0.0,0.0,0.0,0.0,0.0,0.0,0.0,0.0,0.0,0.0,0.0,0.0,0.0,0.0,0.0,0.0,0.0,0.0,0.0,0.0,0.0,0.0,0.0,0.0,5.5
N'KOULOU,7.0,6.5,5.5,5.5,5.5,5.0,6.0,6.0,5.0,6.5,6.0,6.0,6.5,10.0,6.0,5.0,5.5,7.0,6.5,6.5,6.5,6.0,10.0,5.5,6.0,0.0,5.5,6.0,5.5,7.0,6.5,6.0,5.0,4.5,5.5,6.5,6.5,6.5
MORETTI,6.5,5.5,4.5,0.0,0.0,0.0,5.5,6.5,4.0,6.0,0.0,0.0,0.0,0.0,0.0,0.0,0.0,0.0,6.5,5.5,0.0,0.0,6.0,0.0,0.0,6.0,5.0,6.5,6.5,6.5,6.5,6.0,5.0,5.0,0.0,5.0,6.5,5.5
MOLINARO,0.0,6.0,0.0,6.5,0.0,4.0,5.0,5.5,6.0,0.0,0.0,0.0,0.0,0.0,6.5,6.0,7.0,6.5,6.0,5.5,5.5,6.5,5.5,4.5,0.0,0.0,0.0,0.0,0.0,0.0,0.0,0.0,6.0,5.5,0.0,0.0,5.0,5.5
ACQUAH,6.0,6.0,0.0,0.0,5.0,0.0,0.0,0.0,0.0,5.0,5.0,0.0,0.0,0.0,0.0,0.0,0.0,0.0,6.5,0.0,0.0,8.0,0.0,6.0,5.5,0.0,5.5,4.5,5.5,0.0,0.0,0.0,5.0,0.0,6.0,0.0,6.0,6.5
OBI,9.5,0.0,0.0,0.0,0.0,0.0,0.0,0.0,0.0,10.0,5.5,7.5,6.0,5.5,6.0,0.0,6.0,5.5,6.0,9.5,9.5,6.0,6.5,6.5,5.5,6.0,0.0,0.0,9.5,6.0,0.0,6.0,0.0,0.0,0.0,0.0,0.0,5.0
RINCON,6.5,5.5,6.0,6.0,5.0,5.5,5.5,5.5,5.0,0.0,6.0,6.0,5.5,6.0,10.0,5.5,6.0,6.0,6.5,4.5,6.0,6.5,6.0,5.5,5.5,5.0,5.5,5.0,6.5,0.0,6.0,5.0,5.5,5.5,6.5,5.5,6.0,5.5
IAGO FALQUE,8.0,10.0,6.0,6.5,6.0,10.0,9.5,5.0,5.5,9.0,10.0,6.0,6.0,5.5,7.0,5.5,13.0,6.0,9.5,5.0,11.5,7.5,7.5,6.0,7.0,11.0,6.0,4.5,11.5,5.5,5.5,5.0,0.0,5.5,0.0,6.5,9.5,5.5
LJAJIC,9.5,8.0,7.5,9.5,4.5,5.5,7.5,5.5,6.0,6.5,6.0,6.0,5.5,7.5,0.0,6.5,0.0,0.0,0.0,0.0,0.0,0.0,0.0,0.0,6.0,7.5,0.0,7.5,10.0,10.0,6.0,7.0,9.5,6.0,9.0,7.0,0.0,10.0
BERENGUER,5.5,5.5,0.0,5.5,0.0,0.0,0.0,0.0,6.0,0.0,0.0,5.5,0.0,0.0,10.0,4.5,6.0,6.0,7.5,6.5,7.5,0.0,0.0,0.0,0.0,0.0,5.0,5.0,0.0,0.0,0.0,0.0,6.0,0.0,0.0,8.0,6.5,5.5
BELOTTI,10.5,5.5,10.0,10.0,5.5,6.0,0.0,0.0,0.0,5.5,5.5,1.5,5.5,6.0,5.5,9.0,6.0,0.0,0.0,0.0,6.0,5.5,10.0,5.0,6.0,17.0,5.0,9.5,7.5,6.0,5.0,1.5,5.5,5.0,5.0,11.5,7.5,5.5
MIHAJLOVIC,7.5,6.0,6.5,6.0,4.5,5.0,6.0,5.0,5.0,6.5,6.5,6.0,6.0,6.0,7.0,4.5,6.0,6.0,0.0,0.0,0.0,0.0,0.0,0.0,0.0,0.0,0.0,0.0,0.0,0.0,0.0,0.0,0.0,0.0,0.0,0.0,0.0,6.0
SCUFFET,2.5,7.0,4.0,2.0,0.0,0.0,0.0,0.0,0.0,0.0,0.0,0.0,8.5,0.0,0.0,0.0,0.0,0.0,0.0,0.0,0.0,0.0,0.0,0.0,0.0,0.0,0.0,0.0,0.0,0.0,0.0,0.0,0.0,0.0,0.0,0.0,0.0,3.0
WAGUE,0.0,0.0,0.0,0.0,0.0,0.0,0.0,0.0,0.0,0.0,0.0,0.0,0.0,0.0,0.0,0.0,0.0,0.0,0.0,0.0,0.0,0.0,0.0,0.0,0.0,0.0,0.0,0.0,0.0,0.0,0.0,0.0,0.0,0.0,0.0,0.0,0.0,5.0
SAMIR,5.5,5.5,5.0,0.0,5.0,6.0,8.0,2.0,5.5,0.0,1.5,4.5,7.0,6.5,0.0,0.0,0.0,6.5,5.5,9.5,4.5,0.0,5.0,5.5,6.5,5.0,5.5,5.5,0.0,5.5,5.5,6.0,5.0,5.5,4.5,5.5,6.0,5.5
ANGELLA,4.5,0.0,0.0,6.0,4.5,6.5,5.5,0.0,0.0,0.0,0.0,5.0,5.5,5.5,0.0,0.0,0.0,0.0,0.0,0.0,6.0,0.0,0.0,0.0,5.5,0.0,4.0,0.0,0.0,0.0,0.0,0.0,0.0,0.0,0.0,0.0,0.0,5.5
NUYTINCK,9.5,6.5,5.5,5.5,7.0,7.0,6.0,5.0,0.0,6.5,5.0,0.0,0.0,5.5,7.0,6.5,6.0,0.0,6.0,6.5,7.0,6.5,5.0,0.0,0.0,0.0,6.0,0.0,5.0,5.5,5.5,4.5,0.0,0.0,0.0,6.5,6.5,5.5
PEZZELLA GIU,5.0,3.0,0.0,5.0,6.0,0.0,0.0,5.5,0.0,0.0,5.5,0.0,0.0,0.0,0.0,0.0,0.0,0.0,6.5,5.5,5.5,5.0,0.0,0.0,0.0,5.0,0.0,0.0,0.0,0.0,0.0,6.0,0.0,5.5,0.0,0.0,0.0,5.5
FOFANA,4.5,0.0,6.0,5.5,6.0,10.0,5.0,5.0,0.0,5.0,6.0,5.5,5.5,6.5,5.0,5.5,0.0,6.0,5.5,0.0,6.0,0.0,0.0,5.0,5.5,0.0,5.5,9.5,0.0,0.0,5.5,0.0,4.5,5.0,3.0,0.0,10.0,6.5
PERICA,6.0,0.0,0.0,0.0,0.0,0.0,6.0,9.0,6.0,0.0,4.5,5.0,5.0,6.5,0.0,6.0,0.0,0.0,6.0,0.0,0.0,0.0,5.5,4.5,0.0,5.5,5.0,5.0,5.0,0.0,0.0,5.5,0.0,5.0,0.0,0.0,5.5,5.0
HALLFREDSSON,5.5,6.0,0.0,2.0,0.0,0.0,0.0,4.5,5.5,6.5,5.5,0.0,0.0,0.0,0.0,0.0,6.0,0.0,0.0,5.5,6.0,0.0,5.5,0.0,0.0,4.5,0.0,0.0,0.0,0.0,5.0,0.0,0.0,0.0,0.0,6.5,7.0,6.5
JANKTO,6.5,10.0,5.5,6.5,6.5,7.0,5.5,5.5,5.5,0.0,6.0,5.5,6.0,13.5,7.0,7.5,8.0,6.5,5.5,5.5,5.5,6.5,6.0,5.0,5.0,6.0,5.5,5.0,5.0,6.0,5.5,10.0,5.0,0.0,5.5,7.5,6.0,5.5
DE PAUL,6.0,6.5,5.5,10.0,6.0,11.0,7.0,7.0,6.0,10.0,5.5,5.5,5.0,0.0,6.0,10.5,0.0,8.0,5.5,7.5,5.0,5.0,5.5,6.0,5.0,5.0,6.0,6.0,4.5,5.5,5.5,6.0,0.0,8.0,6.0,5.5,6.5,7.0
BEHRAMI,0.0,6.0,5.0,0.0,5.5,6.0,0.0,0.0,7.0,6.5,0.0,0.0,0.0,0.0,0.0,6.0,6.5,5.0,0.0,0.0,10.0,6.0,6.5,5.5,0.0,0.0,6.0,6.0,0.0,0.0,0.0,0.0,5.5,6.0,6.0,5.5,0.0,5.5
THEREAU,9.0,10.0,5.5,5.5,6.0,7.5,13.5,9.5,6.0,0.0,0.0,0.0,6.0,9.0,6.0,5.0,5.5,5.0,5.0,0.0,5.0,0.0,5.0,0.0,0.0,0.0,0.0,9.5,0.0,0.0,0.0,0.0,0.0,0.0,0.0,0.0,0.0,9.5
LASAGNA,6.0,6.0,10.0,9.0,5.5,5.5,5.0,0.0,6.5,0.0,0.0,5.5,5.5,9.5,10.0,10.0,11.0,10.0,5.0,5.5,6.0,7.0,6.0,0.0,0.0,5.5,0.0,0.0,0.0,9.5,9.5,0.0,10.0,13.5,5.5,5.5,6.5,6.0
DELNERI,5.0,6.5,5.5,6.0,5.0,7.0,5.5,3.5,7.0,7.0,0.0,5.0,0.0,0.0,0.0,0.0,0.0,0.0,0.0,0.0,0.0,0.0,0.0,0.0,0.0,0.0,0.0,0.0,0.0,0.0,0.0,0.0,0.0,0.0,0.0,0.0,0.0,5.5
NICOLAS,7.0,-1.0,2.5,8.0,2.5,4.0,7.0,3.0,3.0,3.5,8.0,3.0,7.5,5.0,4.0,7.5,1.0,3.0,3.0,3.0,5.5,5.5,5.0,4.0,5.0,0.0,7.5,1.0,2.0,8.0,4.5,3.5,3.0,3.0,0.0,5.0,8.0,2.5
CACERES,6.0,4.5,5.5,0.0,0.0,5.0,6.0,5.5,0.0,0.0,5.5,9.0,7.0,0.0,9.5,7.0,0.0,9.0,4.5,0.0,0.0,7.0,0.0,0.0,0.0,0.0,0.0,0.0,0.0,0.0,0.0,9.5,6.0,6.0,5.5,6.0,0.0,4.5
FERRARI A,6.5,5.0,4.5,0.0,0.0,4.5,0.0,0.0,0.0,0.0,0.0,0.0,0.0,5.5,5.5,6.5,4.5,5.5,5.0,5.5,10.0,6.0,0.0,0.0,5.0,5.0,6.5,4.0,4.0,6.0,5.5,5.0,0.0,5.0,0.0,5.5,6.0,5.0
HEURTAUX,0.0,4.5,4.5,6.5,5.0,6.5,0.0,0.0,5.5,6.0,6.0,5.5,4.0,0.0,0.0,7.0,4.0,5.0,6.0,5.5,0.0,0.0,0.0,0.0,0.0,0.0,0.0,0.0,0.0,0.0,0.0,0.0,0.0,0.0,5.0,0.0,0.0,4.5
VALOTI,5.5,5.0,4.5,5.0,5.0,4.5,5.0,0.0,0.0,0.0,5.5,0.0,6.0,5.5,6.0,6.0,0.0,0.0,0.0,5.0,5.5,5.0,5.0,5.5,13.5,5.0,0.0,5.0,0.0,5.5,6.0,5.0,5.5,9.5,0.0,0.0,0.0,0.0
SOUPRAYEN,5.5,4.5,3.5,0.0,4.5,0.0,5.5,5.0,5.0,6.0,5.0,0.0,0.0,5.5,0.0,0.0,4.5,0.0,0.0,0.0,6.0,0.0,0.0,0.0,0.0,5.0,0.0,0.0,5.0,5.0,0.0,5.5,6.0,0.0,0.0,5.0,6.0,2.5
ROMULO,6.5,6.0,5.5,6.5,6.0,5.5,9.5,6.5,5.5,6.5,5.5,6.0,8.0,5.5,6.5,9.5,5.0,5.5,5.0,5.5,8.0,5.5,6.0,6.0,5.5,4.5,0.0,6.0,5.0,10.0,5.5,5.5,9.5,5.5,6.0,6.0,7.5,5.0
BUCHEL,6.0,5.0,5.5,0.0,0.0,0.0,0.0,6.0,0.0,0.0,0.0,5.0,6.5,5.5,5.0,6.0,0.0,5.5,5.0,5.0,6.0,5.0,5.5,5.5,0.0,4.5,5.5,5.0,4.5,0.0,0.0,0.0,0.0,0.0,0.0,0.0,0.0,5.0
ZACCAGNI,0.0,0.0,0.0,0.0,5.5,0.0,0.0,0.0,0.0,0.0,0.0,0.0,0.0,0.0,0.0,0.0,0.0,0.0,0.0,0.0,0.0,0.0,0.0,0.0,0.0,0.0,0.0,0.0,0.0,0.0,0.0,0.0,0.0,0.0,0.0,0.0,0.0,5.0
FARES,4.5,5.0,0.0,0.0,0.0,5.0,6.5,5.5,5.5,4.0,5.5,6.0,5.0,0.0,6.0,0.0,0.0,0.0,5.5,4.5,5.0,5.0,4.5,5.5,6.0,0.0,6.0,4.5,5.5,6.0,5.5,5.0,5.0,2.0,4.5,5.0,5.0,5.5
VERDE,5.5,5.0,6.0,5.5,0.0,5.0,7.5,9.5,5.5,6.0,5.5,6.0,10.0,5.0,7.5,6.0,5.0,5.5,5.5,5.5,0.0,0.0,6.0,5.0,6.0,4.5,7.5,6.0,5.5,0.0,0.0,6.0,6.0,5.0,0.0,0.0,0.0,5.5
BESSA,5.0,5.5,5.0,6.5,0.0,6.0,5.5,5.0,4.5,5.5,0.0,0.0,0.0,5.5,6.0,11.5,4.5,6.0,5.0,0.0,0.0,0.0,6.0,5.5,6.0,5.5,0.0,0.0,0.0,0.0,10.0,0.0,10.0,5.0,7.5,0.0,5.0,6.5
CERCI,6.0,0.0,0.0,0.0,5.0,6.5,6.0,6.0,6.0,6.0,7.0,9.5,6.5,5.0,10.0,5.5,0.0,0.0,0.0,0.0,0.0,0.0,0.0,0.0,0.0,5.0,0.0,0.0,0.0,6.0,5.0,5.0,6.0,5.0,5.0,5.5,9.5,5.0
PAZZINI,5.5,4.5,6.0,5.5,4.5,10.0,6.0,9.5,5.5,9.0,5.0,5.5,6.0,0.0,5.5,0.0,5.0,0.0,5.5,5.5,0.0,0.0,0.0,0.0,0.0,0.0,0.0,0.0,0.0,0.0,0.0,0.0,0.0,0.0,0.0,0.0,0.0,9.5
PECCHIA,5.5,4.0,5.0,6.5,4.5,7.0,7.0,5.0,4.5,5.5,5.0,5.0,7.0,5.0,6.0,7.5,4.0,6.0,4.0,4.0,7.5,4.0,6.0,5.0,6.5,4.0,6.5,5.5,4.5,6.5,5.5,5.0,5.0,4.5,5.0,5.5,6.0,5.5
CRAGNO,4.0,7.0,8.0,9.0,3.5,3.5,5.0,0.0,0.0,0.0,0.0,0.0,0.0,0.0,4.5,8.0,5.5,0.0,0.0,5.0,5.0,8.0,7.0,5.0,0.5,4.5,3.5,5.0,2.0,5.0,5.0,1.5,7.0,2.5,5.0,7.0,7.5,2.0
PADOIN,6.0,6.0,6.0,6.0,6.0,4.5,5.5,5.5,5.0,6.0,6.5,6.5,5.5,6.0,5.0,6.5,5.5,9.5,5.5,5.5,6.0,6.5,6.0,5.5,5.0,0.0,5.5,5.5,5.5,5.0,6.0,5.0,5.0,4.5,6.0,7.0,6.0,4.5
JOAO PEDRO,9.5,8.0,9.0,6.0,5.0,5.0,8.5,5.5,0.0,5.0,6.0,9.5,5.0,9.5,6.0,5.0,4.0,0.0,0.0,0.0,0.0,5.5,5.0,5.0,4.5,0.0,0.0,0.0,0.0,0.0,0.0,0.0,0.0,0.0,0.0,6.5,0.0,5.5
PISACANE,6.5,7.0,6.0,4.5,4.5,0.0,5.5,5.0,6.0,0.0,0.0,0.0,0.0,5.5,5.5,7.0,6.0,6.0,6.0,6.0,3.5,0.0,0.0,0.0,0.0,5.5,0.0,0.0,0.0,5.5,5.5,0.0,6.5,4.0,0.0,6.5,5.5,5.0
ANDREOLLI,5.0,6.5,0.0,0.0,5.0,6.0,0.0,5.0,0.0,5.5,6.0,6.0,5.5,0.0,6.0,6.0,5.5,6.5,0.0,0.0,6.0,6.0,6.0,4.5,0.0,4.5,0.0,0.0,0.0,0.0,0.0,4.5,0.0,5.5,6.0,0.0,0.0,5.0
CAPUANO,5.0,6.0,5.0,6.0,0.0,5.0,0.0,0.0,6.0,4.5,0.0,0.0,0.0,0.0,0.0,0.0,0.0,0.0,0.0,5.5,6.0,7.0,6.0,5.0,5.0,0.0,6.5,5.5,4.0,6.0,0.0,6.0,6.5,6.5,5.5,6.0,4.5,5.0
FARAGO',0.0,5.5,0.0,5.5,5.5,0.0,7.5,6.0,10.0,5.5,10.0,6.5,7.5,7.5,5.5,0.0,5.5,0.0,0.0,0.0,0.0,0.0,0.0,0.0,0.0,0.0,0.0,0.0,0.0,0.0,0.0,0.0,0.0,0.0,0.0,0.0,0.0,5.0
CIGARINI,6.0,6.0,5.5,5.5,5.5,5.5,5.0,0.0,5.5,6.0,2.5,6.0,6.0,5.0,5.0,6.0,0.0,6.5,6.0,5.0,9.5,9.5,6.0,0.0,0.0,0.0,0.0,0.0,0.0,0.0,6.0,0.0,5.5,3.5,0.0,0.0,7.0,5.5
DESSENA,0.0,5.5,0.0,0.0,6.0,5.5,0.0,5.0,0.0,0.0,0.0,0.0,0.0,6.0,5.5,0.0,0.0,0.0,0.0,0.0,6.0,0.0,5.5,5.0,0.0,6.0,0.0,0.0,0.0,0.0,0.0,0.0,0.0,0.0,0.0,0.0,0.0,0.0
IONITA,6.0,6.0,6.0,5.5,5.5,5.5,5.0,5.5,5.5,0.0,6.0,5.5,5.5,6.0,7.0,6.0,6.0,6.5,5.5,6.0,5.5,0.0,5.5,6.0,5.5,6.0,5.0,5.0,0.0,5.5,6.0,5.0,6.5,5.0,5.5,6.0,6.5,5.5
BARELLA,7.0,7.0,9.5,5.5,6.0,6.0,5.5,6.0,6.0,9.5,6.0,8.0,7.0,5.0,0.0,6.5,5.0,0.0,6.5,8.5,0.0,6.0,6.0,5.5,4.0,9.5,10.0,9.5,5.5,5.5,6.0,0.0,5.5,5.0,5.5,5.5,5.0,5.5
FARIAS,7.5,6.0,6.0,5.5,0.0,5.5,5.0,5.5,0.0,7.5,5.5,6.0,5.5,0.0,9.5,5.5,5.5,7.5,5.5,5.0,5.0,7.5,5.5,0.0,0.0,0.0,0.0,6.0,0.0,0.0,0.0,0.0,0.0,5.5,5.0,5.0,6.5,1.5
COP,6.0,0.0,0.0,0.0,0.0,0.0,0.0,0.0,0.0,0.0,0.0,0.0,0.0,0.0,0.0,0.0,0.0,0.0,0.0,0.0,0.0,0.0,0.0,0.0,0.0,0.0,0.0,0.0,0.0,0.0,0.0,0.0,0.0,0.0,0.0,0.0,0.0,5.0
SAU,6.0,10.0,6.5,5.5,5.0,5.5,6.0,5.5,2.5,6.0,6.0,0.0,0.0,0.0,0.0,0.0,0.0,6.0,5.5,6.0,0.0,9.5,5.0,5.0,0.0,4.5,0.0,6.0,5.5,5.5,5.5,5.5,6.0,6.5,5.5,0.0,6.0,0.0
RASTELLI,6.0,7.0,6.5,5.0,5.0,4.5,5.0,0.0,0.0,0.0,0.0,0.0,0.0,0.0,0.0,0.0,0.0,0.0,0.0,0.0,0.0,0.0,0.0,0.0,0.0,0.0,0.0,0.0,0.0,0.0,0.0,0.0,0.0,0.0,0.0,0.0,0.0,5.0
CORDAZ,7.0,5.5,3.5,1.0,7.5,6.0,5.0,-1.0,5.0,4.5,4.0,5.5,2.5,2.5,8.0,7.5,1.5,6.0,4.0,7.0,5.5,5.5,5.0,3.0,3.0,2.0,5.5,4.0,3.5,7.0,5.5,6.0,5.5,5.0,3.5,5.0,4.5,3.0
MARTELLA,6.0,6.0,6.0,0.0,6.0,5.5,10.0,0.0,0.0,0.0,0.0,4.5,0.0,0.0,6.5,6.5,5.5,6.0,5.5,6.0,6.5,6.5,6.5,6.0,5.0,0.0,6.5,6.0,4.5,6.5,6.0,6.5,6.5,6.5,7.0,7.5,7.0,5.0
CABRERA,6.5,5.0,5.5,4.0,0.0,0.0,0.0,0.0,0.0,0.0,0.0,0.0,0.0,0.0,0.0,0.0,0.0,0.0,0.0,0.0,0.0,0.0,0.0,0.0,0.0,0.0,0.0,0.0,0.0,0.0,0.0,0.0,0.0,0.0,0.0,0.0,0.0,5.0
CECCHERINI,0.0,5.0,6.0,4.5,6.0,5.5,6.5,4.0,6.5,6.5,6.5,5.0,5.5,4.5,5.5,6.5,4.5,5.5,6.5,6.0,5.5,6.5,6.0,5.5,5.5,5.0,8.0,5.5,5.5,6.0,6.5,6.5,5.5,7.0,6.0,9.5,6.0,3.0
FARAONI,6.0,0.0,5.5,0.0,6.0,5.5,0.0,0.0,6.0,0.0,0.0,0.0,0.0,0.0,0.0,0.0,0.0,5.0,0.0,0.0,6.0,5.5,5.5,7.0,7.5,8.0,6.5,5.5,5.5,6.5,5.0,5.5,10.0,7.5,5.5,5.5,5.5,5.0
STOIAN,5.0,5.0,6.0,6.5,7.5,7.0,5.5,4.5,0.0,5.5,6.0,4.5,0.0,6.0,6.0,6.5,5.0,6.0,5.0,9.5,0.0,6.0,0.0,0.0,0.0,0.0,10.0,5.0,5.0,7.5,5.0,6.0,0.0,6.5,6.5,5.5,5.5,5.0
IZCO,0.0,0.0,0.0,5.5,0.0,0.0,0.0,5.0,0.0,0.0,0.0,0.0,0.0,0.0,0.0,0.0,0.0,0.0,0.0,0.0,0.0,0.0,0.0,0.0,0.0,0.0,0.0,0.0,0.0,0.0,0.0,0.0,0.0,0.0,0.0,0.0,0.0,5.5
MANDRAGORA,6.5,5.0,6.0,0.0,10.0,6.5,6.0,5.0,5.0,6.5,6.0,5.5,5.5,6.0,6.0,6.0,6.0,6.0,5.5,6.5,5.0,5.5,10.0,5.0,5.5,0.0,6.5,6.0,5.0,5.0,5.0,6.0,6.5,6.0,5.0,6.0,5.5,5.0
BARBERIS,6.0,5.5,5.5,5.0,6.0,7.0,5.5,5.0,5.5,6.5,6.0,5.5,5.5,5.0,6.0,6.0,5.5,5.0,5.5,10.0,5.5,10.0,6.0,5.5,4.5,5.0,6.5,5.0,5.0,6.0,5.5,5.5,6.5,6.0,5.5,7.5,5.0,5.0
ROHDEN,0.0,5.5,5.5,4.5,9.5,4.5,9.5,0.0,5.5,6.0,7.0,5.5,5.0,5.5,5.0,6.5,5.5,5.5,5.5,0.0,0.0,0.0,0.0,0.0,0.0,5.0,0.0,0.0,0.0,0.0,0.0,5.5,5.5,6.0,0.0,5.5,5.0,5.5
NALINI,0.0,0.0,0.0,0.0,6.0,5.0,6.0,5.0,6.0,6.0,7.0,5.5,5.5,6.0,0.0,0.0,0.0,0.0,0.0,0.0,7.0,6.5,5.0,7.5,6.0,0.0,6.5,6.0,0.0,0.0,0.0,0.0,8.0,8.0,6.0,6.0,5.0,5.5
TROTTA,6.5,5.0,0.0,0.0,7.5,0.0,5.5,5.5,0.0,11.0,9.5,5.0,6.0,5.5,5.5,6.5,5.5,6.0,5.5,6.5,10.0,6.5,6.0,0.0,6.0,5.0,10.5,5.0,5.0,6.0,4.5,6.5,6.5,13.0,5.0,6.0,5.0,0.0
DUSSENNE,0.0,0.0,0.0,0.0,0.0,0.0,0.0,0.0,0.0,0.0,0.0,0.0,0.0,0.0,0.0,0.0,0.0,0.0,0.0,0.0,0.0,0.0,0.0,0.0,0.0,0.0,0.0,0.0,0.0,0.0,0.0,0.0,0.0,0.0,0.0,0.0,0.0,4.5
BUDIMIR,6.0,5.0,5.0,6.0,0.0,0.0,0.0,4.5,4.5,9.5,13.0,5.5,4.5,0.0,6.0,9.5,4.0,5.5,5.0,6.0,5.5,0.0,5.0,5.0,13.0,0.0,0.0,0.0,0.0,0.0,0.0,0.0,0.0,0.0,0.0,0.0,0.0,5.5
NICOLA,6.0,5.5,6.5,4.5,6.5,6.0,6.5,4.0,6.0,7.0,7.0,5.0,5.0,5.0,0.0,0.0,0.0,0.0,0.0,0.0,0.0,0.0,0.0,0.0,0.0,0.0,0.0,0.0,0.0,0.0,0.0,0.0,0.0,0.0,0.0,0.0,0.0,5.0
BELEC,5.5,5.0,0.0,1.5,4.0,4.5,0.0,0.0,0.0,0.0,0.0,0.0,0.0,0.0,0.0,3.5,4.0,7.0,4.0,2.5,2.0,0.0,0.0,0.0,0.0,0.0,0.0,0.0,0.0,0.0,0.0,0.0,0.0,0.0,0.0,3.5,3.0,4.5
VENUTI,5.0,6.5,4.5,1.5,5.0,6.5,5.0,5.5,0.0,4.0,5.0,6.0,5.0,0.0,0.0,0.0,5.5,6.5,6.0,4.5,5.0,4.5,4.0,6.0,0.0,6.5,5.5,5.0,5.5,5.0,0.0,6.0,6.0,5.5,6.0,0.0,0.0,5.0
LUCIONI,6.5,6.0,5.0,1.5,0.0,0.0,0.0,0.0,0.0,0.0,0.0,0.0,0.0,0.0,0.0,0.0,6.0,7.0,6.0,0.0,0.0,0.0,0.0,0.0,0.0,0.0,0.0,0.0,0.0,0.0,0.0,0.0,0.0,0.0,0.0,0.0,0.0,6.0
COSTA,4.5,0.0,0.0,0.0,5.5,4.5,0.0,0.0,0.0,0.0,0.0,4.5,4.5,7.0,4.0,6.0,6.0,6.5,5.5,5.0,0.0,5.0,5.0,0.0,0.0,0.0,0.0,0.0,4.5,0.0,0.0,0.0,0.0,0.0,0.0,0.0,0.0,6.0
LETIZIA,0.0,5.5,4.5,4.5,5.5,6.0,6.5,6.0,6.0,0.0,0.0,4.0,0.0,6.5,5.5,5.0,6.0,0.0,0.0,5.5,4.5,6.0,5.5,5.5,5.5,9.5,0.0,6.0,5.5,0.0,5.0,0.0,6.5,0.0,6.0,5.5,6.5,5.5
DI CHIARA,5.5,0.0,4.0,4.0,5.5,0.0,0.0,0.0,5.0,5.0,5.5,5.5,5.5,5.0,0.0,5.5,0.0,0.0,0.0,0.0,0.0,0.0,0.0,0.0,0.0,0.0,0.0,0.0,0.0,0.0,0.0,0.0,0.0,0.0,0.0,0.0,0.0,6.0
CICIRETTI,5.5,6.0,0.0,0.0,0.0,0.0,5.5,5.5,5.5,6.5,9.5,6.5,0.0,0.0,6.0,6.0,6.0,0.0,0.0,0.0,0.0,0.0,0.0,0.0,0.0,0.0,0.0,0.0,0.0,0.0,0.0,0.0,0.0,0.0,0.0,0.0,0.0,10.0
CATALDI,6.0,5.0,5.5,4.5,5.0,5.5,5.0,5.5,6.0,5.0,5.0,5.5,5.5,6.5,0.0,5.5,5.5,0.0,0.0,0.0,6.0,4.5,0.0,0.0,6.0,0.0,6.0,4.5,9.5,6.0,7.0,0.0,6.5,3.5,0.0,5.0,6.0,6.0
DEL PINTO,6.0,0.0,0.0,0.0,0.0,0.0,0.0,0.0,0.0,0.0,0.0,0.0,6.0,0.0,5.5,0.0,5.5,0.0,0.0,0.0,0.0,0.0,0.0,0.0,4.5,6.0,5.0,0.0,6.0,0.0,0.0,4.5,0.0,0.0,6.0,0.0,0.0,4.5
VIOLA,6.0,0.0,5.5,0.0,1.5,6.5,0.0,5.0,6.5,5.0,6.0,5.5,0.0,0.0,0.0,0.0,0.0,7.0,7.5,6.0,0.0,0.0,5.0,11.0,4.0,8.0,0.0,5.5,0.0,6.5,0.0,5.0,7.5,10.5,6.0,5.5,0.0,0.0
D'ALESSANDRO,6.5,5.5,0.0,0.0,0.0,10.0,0.0,0.0,0.0,0.0,0.0,5.0,6.5,6.5,6.5,6.0,0.0,7.5,6.5,5.5,6.0,6.0,6.0,0.0,0.0,0.0,0.0,0.0,0.0,0.0,0.0,0.0,0.0,0.0,0.0,0.0,0.0,6.5
CODA M,5.5,6.0,5.0,5.0,5.0,0.0,0.0,0.0,0.0,5.5,5.5,0.0,0.0,0.0,0.0,0.0,0.0,10.0,15.0,6.0,5.5,5.5,0.0,5.0,5.5,0.0,5.5,5.0,0.0,0.0,0.0,0.0,0.0,9.5,5.5,6.0,0.0,6.0
PUSCAS,6.5,5.5,0.0,4.5,5.5,0.0,0.0,0.0,0.0,0.0,0.0,0.0,5.0,9.5,5.5,6.0,5.0,0.0,5.0,0.0,0.0,0.0,0.0,0.0,0.0,0.0,0.0,0.0,0.0,0.0,0.0,0.0,0.0,0.0,0.0,0.0,0.0,5.0
CISSE' K,0.0,0.0,0.0,0.0,0.0,0.0,0.0,0.0,0.0,0.0,0.0,0.0,0.0,0.0,0.0,0.0,0.0,0.0,0.0,0.0,0.0,0.0,0.0,0.0,0.0,0.0,0.0,0.0,0.0,0.0,0.0,0.0,0.0,0.0,0.0,0.0,0.0,0.0
BARONI,5.5,6.5,4.5,4.5,5.5,6.5,5.0,5.0,0.0,0.0,0.0,0.0,0.0,0.0,0.0,0.0,0.0,0.0,0.0,0.0,0.0,0.0,0.0,0.0,0.0,0.0,0.0,0.0,0.0,0.0,0.0,0.0,0.0,0.0,0.0,0.0,0.0,5.5
GOMIS A,3.5,4.5,3.5,4.0,3.0,5.0,4.0,9.0,2.0,7.5,5.0,5.5,4.0,3.5,4.5,5.5,4.0,4.0,0.0,4.0,0.0,0.0,0.0,0.0,0.0,0.0,0.0,0.0,0.0,0.0,0.0,0.0,1.0,5.0,7.5,4.5,5.5,7.5
OIKONOMOU,0.0,0.0,0.0,0.0,0.0,0.0,0.0,0.0,5.5,0.0,0.0,3.5,0.0,0.0,0.0,0.0,0.0,0.0,0.0,0.0,0.0,0.0,0.0,0.0,0.0,0.0,0.0,0.0,0.0,0.0,0.0,0.0,0.0,0.0,0.0,0.0,0.0,5.5
CREMONESI,0.0,0.0,0.0,0.0,0.0,0.0,0.0,0.0,0.0,0.0,0.0,0.0,0.0,5.0,5.0,3.0,4.5,0.0,0.0,0.0,0.0,0.0,0.0,0.0,0.0,0.0,0.0,0.0,0.0,0.0,0.0,0.0,0.0,0.0,0.0,0.0,0.0,6.0
VICARI,7.0,5.0,5.5,5.5,5.5,5.5,5.5,4.5,0.0,6.5,5.5,6.0,6.0,5.0,6.0,6.5,5.5,5.5,4.5,6.5,3.0,4.5,0.0,5.5,5.0,6.5,6.0,6.5,4.0,0.0,6.5,5.0,2.0,7.0,6.5,0.0,6.0,6.5
VAISANEN,5.5,5.5,6.0,0.0,4.5,0.0,0.0,5.5,0.0,0.0,0.0,0.0,5.0,0.0,0.0,0.0,0.0,0.0,0.0,0.0,0.0,0.0,0.0,0.0,0.0,0.0,0.0,0.0,0.0,0.0,0.0,0.0,0.0,0.0,0.0,0.0,0.0,6.5
LAZZARI M,10.0,6.5,6.5,5.5,5.0,6.5,6.0,6.5,5.5,7.0,6.0,6.5,6.5,5.0,5.5,6.5,6.5,5.5,6.0,6.0,6.0,5.5,6.0,5.0,8.0,6.0,4.5,6.5,9.5,6.5,6.5,6.5,5.5,0.0,0.0,0.0,6.5,6.5
MATTIELLO,6.5,0.0,0.0,5.5,0.0,0.0,6.0,0.0,6.0,6.5,5.0,5.5,5.5,5.0,5.5,6.0,5.5,5.0,5.0,6.0,5.5,5.0,4.0,0.0,6.0,4.5,0.0,0.0,0.0,0.0,6.0,6.5,5.0,6.0,6.0,0.0,6.0,0.0
SCHIATTARELLA,6.5,6.0,6.0,5.0,9.0,5.0,5.5,6.0,0.0,5.5,0.0,6.0,6.0,0.0,6.0,7.5,5.5,6.0,5.5,0.0,6.0,0.0,4.5,6.0,7.0,0.0,7.5,6.5,7.5,0.0,0.0,6.0,5.0,0.0,0.0,5.5,0.0,6.5
VIVIANI,6.0,5.5,6.5,5.5,9.0,6.5,6.0,5.5,5.0,7.0,6.5,5.0,0.0,6.5,4.5,6.0,10.0,5.0,5.0,5.5,6.5,5.5,5.0,6.0,0.0,6.5,0.0,0.0,0.0,7.5,6.5,6.5,0.0,0.0,0.0,0.0,7.5,5.5
MORA,6.5,5.5,4.5,5.0,5.5,6.0,5.5,6.0,6.0,6.0,6.0,0.0,5.0,5.5,0.0,6.0,5.0,5.5,0.0,0.0,0.0,0.0,0.0,0.0,0.0,0.0,0.0,0.0,0.0,0.0,0.0,0.0,0.0,0.0,0.0,0.0,0.0,7.0
COSTA F,0.0,5.5,5.5,0.0,5.5,6.0,5.0,6.0,5.0,6.0,6.0,0.0,0.0,0.0,0.0,0.0,0.0,0.0,6.0,0.0,0.0,6.0,0.0,5.0,0.0,0.0,6.0,6.0,5.0,5.5,6.0,0.0,0.0,8.0,6.5,5.0,6.5,6.5
FLOCCARI,6.0,0.0,0.0,0.0,0.0,0.0,0.0,0.0,0.0,0.0,0.0,5.5,5.5,0.0,6.5,13.5,5.5,6.5,0.0,9.5,0.0,5.0,0.0,6.0,0.0,6.0,5.5,0.0,6.0,0.0,5.5,0.0,0.0,5.5,0.0,0.0,0.0,6.0
PALOSCHI,0.0,5.0,5.5,5.0,0.0,9.5,5.5,5.5,9.5,7.5,5.5,10.0,5.5,5.0,9.5,5.0,5.0,0.0,5.0,0.0,9.5,5.5,5.5,0.0,9.0,5.5,5.5,5.5,6.0,5.5,5.5,5.0,5.0,5.5,10.0,5.0,6.0,5.5
BORRIELLO,10.0,5.5,5.0,5.5,5.0,6.0,5.0,4.5,5.0,-0.5,0.0,4.5,0.0,0.0,4.5,0.0,0.0,0.0,0.0,0.0,0.0,0.0,0.0,0.0,0.0,0.0,0.0,0.0,0.0,0.0,0.0,0.0,0.0,0.0,0.0,0.0,0.0,5.5
SEMPLICI,7.0,6.0,5.5,5.5,6.0,5.5,5.5,5.0,5.5,7.0,6.5,6.0,5.5,5.5,6.5,7.0,6.0,6.5,5.0,6.0,6.5,5.5,4.5,5.5,7.0,6.0,5.5,7.0,7.0,6.0,6.5,6.0,5.0,7.0,6.5,5.0,7.5,7.0
MBAYE,5.5,0.0,6.0,5.0,5.0,6.0,6.0,0.0,0.0,0.0,0.0,5.5,10.5,6.0,0.0,4.5,5.5,5.5,5.5,6.0,3.5,5.5,4.0,0.0,0.0,0.0,0.0,6.0,6.0,0.0,6.5,0.0,6.5,6.0,5.5,5.5,0.0,0.0
HELANDER,6.5,5.0,6.0,6.5,5.5,6.0,6.0,6.5,5.5,5.5,5.5,6.5,0.0,0.0,5.5,5.5,7.0,5.0,5.0,0.0,5.0,5.0,0.0,0.0,6.5,6.0,6.0,6.0,5.5,6.0,5.5,6.0,0.0,0.0,0.0,4.5,0.0,0.0
CRISETIG,6.0,0.0,0.0,0.0,0.0,0.0,0.0,0.0,6.0,0.0,6.0,0.0,0.0,0.0,0.0,0.0,0.0,0.0,0.0,0.0,0.0,0.0,0.0,0.0,0.0,0.0,0.0,0.0,0.0,0.0,5.0,5.0,5.0,0.0,5.5,0.0,5.5,0.0
CESAR,6.0,0.0,5.5,0.0,0.0,6.0,0.0,0.0,2.5,0.0,0.0,6.0,3.0,0.0,0.0,0.0,0.0,5.5,0.0,0.0,0.0,5.0,0.0,0.0,0.0,5.5,0.0,0.0,0.0,0.0,0.0,0.0,0.0,0.0,0.0,0.0,0.0,0.0
GASPAR,7.5,7.5,6.0,5.0,0.0,0.0,0.0,0.0,0.0,0.0,0.0,0.0,0.0,0.0,0.0,0.0,0.0,0.0,0.0,0.0,0.0,0.0,0.0,0.0,0.0,0.0,0.0,0.0,0.0,0.0,0.0,0.0,0.0,0.0,0.0,0.0,0.0,0.0
PEZZELLA GER,5.5,6.5,9.5,6.0,5.0,6.0,6.0,6.0,6.5,6.0,5.5,5.0,6.0,6.5,7.0,6.5,0.0,6.5,6.5,3.5,4.0,0.0,5.5,7.0,6.0,6.0,6.0,6.0,5.5,7.0,6.5,4.5,0.0,6.5,5.5,5.5,4.5,0.0
BIRAGHI,5.5,6.0,7.5,5.0,5.5,4.5,6.5,6.5,6.0,5.5,6.5,0.0,5.5,6.0,6.0,6.0,5.5,7.5,6.0,4.5,4.0,5.0,4.5,6.0,10.0,6.5,6.0,6.0,0.0,5.5,5.5,5.5,0.0,7.5,5.0,4.5,4.5,0.0
BADELJ,9.0,6.5,5.5,4.0,0.0,5.0,6.5,6.0,6.0,5.5,5.0,0.0,6.0,6.5,5.5,5.0,6.0,6.5,6.0,5.5,5.0,6.5,5.0,9.5,0.0,0.0,6.0,6.5,0.0,0.0,0.0,0.0,0.0,6.5,5.5,5.5,0.0,0.0
CHIESA,5.0,7.0,10.5,5.5,9.5,6.0,6.0,6.5,7.0,7.0,6.0,10.0,6.5,10.0,5.5,6.5,7.0,5.0,6.5,5.0,6.0,10.0,6.0,6.5,6.5,6.0,5.5,6.0,10.0,0.0,6.5,5.5,5.0,8.0,5.5,5.5,7.5,0.0
LAPADULA,0.0,5.5,0.0,0.0,0.0,0.0,0.0,5.0,6.0,5.5,4.5,0.0,9.5,5.0,5.5,6.0,9.0,5.0,5.5,0.0,5.0,0.0,7.5,6.0,6.0,10.0,5.5,0.0,5.5,5.5,0.0,10.0,5.5,5.5,9.5,5.5,6.0,0.0
CENTURION,5.5,0.0,5.5,0.0,0.0,0.0,0.0,0.0,0.0,0.0,0.0,0.0,0.0,0.0,0.0,0.0,0.0,0.0,0.0,0.0,0.0,0.0,0.0,0.0,0.0,0.0,0.0,0.0,0.0,0.0,0.0,0.0,0.0,0.0,0.0,0.0,0.0,0.0
DALBERT,6.0,5.5,5.5,0.0,5.0,0.0,0.0,0.0,0.0,0.0,0.0,0.0,0.0,6.0,6.0,0.0,5.5,0.0,6.0,5.5,0.0,5.0,0.0,0.0,0.0,0.0,0.0,0.0,0.0,0.0,0.0,0.0,0.0,0.0,6.5,0.0,0.0,0.0
CANCELO,0.0,0.0,0.0,0.0,0.0,0.0,5.5,0.0,0.0,6.0,0.0,0.0,0.0,0.0,0.0,0.0,5.5,6.0,6.5,5.5,5.5,6.0,6.5,6.5,7.5,6.5,5.5,8.0,6.5,6.5,6.0,10.0,5.0,7.5,7.0,5.0,6.5,0.0
BARZAGLI,6.0,0.0,6.0,6.0,0.0,6.0,5.0,0.0,6.5,6.0,0.0,0.0,7.5,0.0,0.0,6.5,6.0,6.0,6.5,0.0,6.0,0.0,6.0,0.0,0.0,6.5,0.0,0.0,5.5,0.0,0.0,0.0,0.0,2.5,5.5,6.5,6.0,0.0
BENTANCUR,0.0,0.0,0.0,6.5,6.0,6.0,5.5,0.0,5.5,0.0,0.0,0.0,0.0,0.0,0.0,0.0,0.0,5.0,0.0,0.0,0.0,0.0,6.0,0.0,0.0,0.0,0.0,0.0,6.0,0.0,6.0,5.5,0.0,0.0,0.0,0.0,6.0,0.0
LUCAS LEIVA,6.5,7.0,5.5,4.5,6.5,6.5,7.0,5.5,6.5,6.5,7.0,5.5,6.0,6.0,6.0,6.0,6.0,6.5,6.5,7.5,6.5,6.0,6.0,0.0,6.0,6.0,6.0,10.0,10.0,6.5,5.5,6.5,5.5,6.5,6.0,6.5,5.5,0.0
MONTOLIVO,4.5,9.5,0.0,0.0,0.0,0.0,0.0,0.0,6.0,0.0,6.0,5.5,6.0,6.0,6.5,5.5,5.0,6.0,0.0,0.0,0.0,0.0,7.5,6.0,0.0,5.5,0.0,0.0,5.0,0.0,0.0,0.0,0.0,0.0,0.0,3.5,0.0,0.0
BIGLIA,6.0,5.5,6.5,7.0,6.0,4.5,5.0,5.5,6.0,4.5,0.0,0.0,0.0,5.0,0.0,0.0,0.0,0.0,5.5,6.5,6.0,5.5,9.5,6.5,6.0,0.0,5.0,5.5,5.0,5.5,6.5,7.5,5.5,0.0,0.0,5.5,0.0,0.0
KALINIC,6.0,5.5,13.5,6.5,5.0,5.0,0.0,5.0,10.0,5.0,5.5,5.0,4.5,9.5,7.0,4.5,4.5,0.0,5.0,7.0,0.0,6.0,0.0,0.0,7.5,5.5,5.0,0.0,6.0,10.0,5.0,5.0,5.0,0.0,6.0,5.5,10.0,0.0
ANTONELLI,0.0,0.0,0.0,0.0,0.0,0.0,0.0,0.0,0.0,5.5,0.0,0.0,0.0,0.0,0.0,0.0,0.0,0.0,0.0,0.0,4.5,5.5,0.0,0.0,0.0,0.0,0.0,0.0,0.0,0.0,0.0,0.0,0.0,0.0,0.0,0.0,0.0,0.0
MAGGIO,6.0,0.0,0.0,6.5,0.0,0.0,0.0,0.0,0.0,6.5,6.0,6.0,7.0,6.0,0.0,0.0,0.0,6.0,0.0,0.0,0.0,0.0,0.0,0.0,6.0,0.0,0.0,0.0,0.0,0.0,6.0,0.0,0.0,0.0,0.0,0.0,0.0,0.0
ALBIOL,6.0,6.5,6.0,6.5,0.0,6.0,7.0,7.0,0.0,7.0,6.5,6.0,0.0,6.0,6.5,5.5,5.5,5.5,6.0,6.5,0.0,5.5,0.0,6.5,6.0,5.0,6.0,10.0,5.5,0.0,7.0,9.5,6.0,4.5,6.0,10.5,6.0,0.0
ROG,9.5,0.0,6.0,0.0,5.5,6.0,0.0,6.0,5.5,6.0,0.0,6.0,0.0,0.0,5.0,0.0,0.0,0.0,0.0,0.0,0.0,6.0,0.0,0.0,0.0,0.0,0.0,0.0,0.0,0.0,0.0,0.0,0.0,0.0,0.0,0.0,5.5,0.0
JORGINHO,5.0,5.0,6.0,9.0,0.0,7.5,5.5,5.5,0.0,6.0,6.0,8.0,6.0,5.5,5.5,7.5,5.5,6.0,6.5,6.0,5.5,6.0,8.0,6.5,6.0,6.0,6.0,6.0,4.0,0.0,6.0,0.0,6.0,0.0,5.0,5.5,6.5,0.0
UNDER,0.0,5.0,6.5,5.0,0.0,0.0,6.0,5.5,5.0,0.0,0.0,0.0,0.0,6.0,0.0,0.0,0.0,0.0,5.5,0.0,6.0,10.0,15.0,10.0,5.5,10.0,6.0,0.0,0.0,0.0,6.0,10.0,6.0,0.0,10.0,6.0,0.0,0.0
TUMMINELLO,0.0,5.5,0.0,9.5,0.0,0.0,0.0,0.0,0.0,0.0,0.0,0.0,0.0,0.0,0.0,0.0,0.0,0.0,0.0,0.0,0.0,0.0,0.0,0.0,0.0,7.5,0.0,0.0,0.0,0.0,-0.5,0.0,0.0,0.0,9.5,0.0,9.5,0.0
BERESZYNSKI,5.5,6.0,5.5,6.5,6.5,5.0,5.5,0.0,5.5,0.0,5.5,6.5,5.0,6.0,6.0,6.0,5.0,6.0,0.0,6.0,5.0,5.5,5.0,5.0,6.0,6.5,0.0,5.0,0.0,5.0,0.0,6.0,6.0,7.5,5.5,5.0,5.5,0.0
MURRU,5.5,6.0,6.0,5.5,0.0,0.0,0.0,6.0,4.5,0.0,0.0,0.0,5.5,5.0,5.5,0.0,0.0,0.0,0.0,0.0,7.0,6.0,6.0,4.5,6.0,6.0,6.0,5.0,5.0,0.0,0.0,0.0,0.0,0.0,0.0,0.0,5.5,0.0
FERRARI G,6.0,5.0,0.0,0.0,7.0,5.0,0.0,10.0,5.0,6.0,6.0,9.5,4.5,5.5,5.5,5.0,5.0,6.0,5.0,6.0,6.0,6.0,6.5,5.0,6.5,6.5,5.0,4.5,0.0,6.0,4.0,6.5,4.5,0.0,0.0,5.5,0.0,0.0
ALVAREZ R,6.0,0.0,0.0,5.0,10.0,0.0,0.0,0.0,0.0,0.0,5.5,0.0,5.5,5.5,0.0,0.0,0.0,0.0,0.0,0.0,6.0,0.0,6.0,0.0,6.0,5.0,0.0,0.0,6.0,0.0,0.0,0.0,0.0,0.0,0.0,0.0,0.0,0.0
GAZZOLA,5.0,0.0,0.0,0.0,0.0,0.0,6.0,6.0,6.0,5.5,6.0,6.0,5.5,5.5,0.0,0.0,0.0,0.0,0.0,0.0,0.0,0.0,0.0,0.0,0.0,0.0,0.0,0.0,0.0,0.0,0.0,0.0,0.0,0.0,0.0,0.0,0.0,0.0
ADJAPONG,6.0,6.0,5.5,6.5,5.0,5.5,0.0,0.0,0.0,0.0,0.0,0.0,0.0,0.0,0.0,0.0,0.0,0.0,0.0,0.0,0.0,0.0,0.0,0.0,5.0,3.5,0.0,5.5,0.0,0.0,5.5,6.0,7.0,0.0,6.5,6.5,6.0,0.0
DE SILVESTRI,8.0,5.5,5.5,0.0,5.5,6.0,9.0,5.5,5.5,6.0,6.5,5.5,6.0,6.5,6.5,5.0,5.0,6.5,10.0,5.5,6.5,6.0,6.0,5.5,5.5,6.0,5.5,5.0,6.5,8.0,5.5,8.5,0.0,5.5,10.0,10.5,6.0,0.0
BARRECA,6.5,0.0,5.5,0.0,0.0,0.0,0.0,6.0,3.5,0.0,0.0,0.0,0.0,5.5,0.0,0.0,0.0,0.0,0.0,0.0,0.0,0.0,0.0,0.0,0.0,6.0,6.0,6.0,0.0,0.0,6.0,0.0,0.0,0.0,0.0,0.0,0.0,0.0
EDERA,6.0,0.0,0.0,0.0,0.0,0.0,0.0,0.0,0.0,0.0,0.0,0.0,0.0,0.0,10.0,0.0,0.0,0.0,0.0,0.0,0.0,0.0,0.0,0.0,0.0,0.0,0.0,0.0,0.0,6.0,0.0,6.5,7.0,6.0,0.0,0.0,6.0,0.0
DANILO,5.5,6.0,5.0,5.0,0.0,0.0,0.0,8.5,7.0,7.0,4.5,5.0,6.0,6.0,6.0,6.0,6.0,2.5,6.0,5.5,6.5,5.0,0.0,6.5,5.5,5.0,0.0,5.5,6.5,6.0,5.5,4.5,5.5,5.5,4.5,6.0,6.0,0.0
BARAK,6.0,5.5,5.0,5.0,5.0,5.5,6.0,0.0,10.0,10.0,5.0,6.0,6.5,8.0,11.5,10.0,14.0,6.5,5.5,5.5,0.0,6.0,5.5,6.0,5.0,5.0,5.5,5.0,0.0,5.5,8.0,6.0,5.0,5.5,5.5,10.0,7.5,0.0
ZUCULINI B,5.0,4.0,5.5,5.5,5.0,5.0,0.0,2.5,0.0,6.0,9.0,6.0,10.0,6.0,0.0,6.0,5.0,5.5,0.0,3.0,0.0,0.0,0.0,0.0,0.0,0.0,0.0,0.0,0.0,0.0,0.0,0.0,0.0,0.0,0.0,0.0,0.0,0.0
COSSU,0.0,0.0,0.0,0.0,6.0,0.0,0.0,0.0,0.0,0.0,0.0,0.0,0.0,0.0,0.0,0.0,5.5,0.0,0.0,5.5,0.0,0.0,0.0,0.0,5.5,0.0,0.0,0.0,0.0,6.0,7.5,5.5,0.0,0.0,0.0,0.0,0.0,0.0
SAMPIRISI,6.0,6.0,6.0,5.0,6.0,6.0,6.0,4.5,5.0,6.0,6.0,5.0,5.0,5.0,5.0,6.5,5.5,6.5,5.5,6.0,6.0,0.0,0.0,0.0,5.5,5.0,0.0,0.0,6.0,6.0,5.5,6.0,6.0,0.0,0.0,5.0,0.0,0.0
AJETI,7.0,0.0,6.5,3.5,6.5,6.0,6.0,5.5,0.0,0.0,0.0,0.0,5.0,0.0,6.0,7.5,3.5,0.0,6.0,0.0,0.0,0.0,6.0,6.0,0.0,4.5,0.0,0.0,6.0,0.0,5.0,0.0,0.0,5.0,0.0,0.0,0.0,0.0
CROCIATA,0.0,6.0,0.0,0.0,0.0,0.0,0.0,5.5,5.5,0.0,0.0,0.0,0.0,0.0,0.0,0.0,0.0,6.5,6.0,6.0,0.0,0.0,0.0,9.5,0.0,0.0,0.0,6.0,5.5,0.0,0.0,0.0,0.0,0.0,0.0,0.0,0.0,0.0
KRAGL,5.5,6.0,0.0,5.5,0.0,0.0,0.0,0.0,0.0,0.0,0.0,0.0,0.0,0.0,0.0,0.0,0.0,0.0,0.0,0.0,0.0,0.0,0.0,0.0,0.0,0.0,0.0,0.0,0.0,0.0,0.0,0.0,0.0,0.0,0.0,0.0,0.0,0.0
SIMY,0.0,0.0,0.0,0.0,6.0,10.0,7.0,0.0,0.0,0.0,0.0,0.0,0.0,5.5,0.0,0.0,0.0,0.0,6.0,0.0,0.0,0.0,0.0,0.0,5.5,5.0,6.5,5.5,0.0,10.0,5.0,10.0,10.0,13.5,5.5,10.0,4.5,0.0
CERAVOLO,5.5,0.0,0.0,0.0,0.0,0.0,0.0,0.0,0.0,0.0,0.0,0.0,0.0,0.0,0.0,0.0,0.0,0.0,0.0,0.0,0.0,0.0,0.0,0.0,0.0,0.0,0.0,0.0,0.0,0.0,0.0,0.0,0.0,0.0,0.0,0.0,0.0,0.0
SALAMON,6.0,6.0,5.0,5.5,5.5,5.5,3.0,0.0,5.0,6.0,5.5,6.5,0.0,0.0,5.5,6.5,6.0,6.0,4.0,0.0,0.0,0.0,5.0,5.0,0.0,0.0,0.0,0.0,0.0,6.5,0.0,0.0,0.0,0.0,0.0,5.5,0.0,0.0
RIZZO,10.0,0.0,0.0,0.0,0.0,6.0,6.0,5.5,5.5,0.0,10.0,0.0,6.5,5.5,5.5,0.0,0.0,0.0,6.5,0.0,0.0,0.0,0.0,0.0,0.0,0.0,0.0,0.0,0.0,0.0,0.0,0.0,0.0,0.0,0.0,0.0,0.0,0.0
SCHIAVON,6.0,0.0,0.0,5.5,0.0,0.0,0.0,0.0,5.5,5.5,6.0,0.0,0.0,5.0,0.0,0.0,0.0,0.0,0.0,0.0,0.0,0.0,0.0,0.0,0.0,0.0,0.0,0.0,0.0,0.0,6.0,0.0,0.0,0.0,0.0,5.0,0.0,0.0
ANTENUCCI,0.0,6.0,5.5,6.0,7.5,7.5,9.5,5.5,0.0,10.0,7.5,0.0,0.0,0.0,10.0,6.5,9.5,5.5,13.0,7.0,8.0,5.5,5.0,5.5,10.0,6.0,10.0,6.5,6.0,6.5,6.0,5.5,5.5,6.0,10.0,7.0,13.5,0.0
CALDARA,0.0,6.0,6.0,10.0,7.0,10.0,5.0,5.5,6.0,6.5,5.5,0.0,6.0,5.5,6.0,10.0,7.0,0.0,6.5,5.5,0.0,0.0,0.0,6.5,0.0,0.0,0.0,0.0,0.0,0.0,5.5,7.0,5.0,5.5,0.0,5.5,2.0,0.0
CASTAGNE,0.0,6.5,6.5,0.0,5.0,0.0,0.0,6.0,0.0,5.5,0.0,5.0,6.0,0.0,0.0,0.0,0.0,0.0,0.0,0.0,7.5,0.0,0.0,6.0,0.0,5.0,6.5,6.0,5.5,0.0,0.0,6.0,7.5,6.0,5.5,6.0,4.5,0.0
KRAFTH,0.0,5.5,4.5,0.0,0.0,5.5,0.0,6.0,5.5,5.5,5.0,5.5,0.0,0.0,0.0,0.0,0.0,0.0,5.5,0.0,0.0,0.0,0.0,5.0,0.0,0.0,5.5,0.0,0.0,0.0,0.0,0.0,0.0,0.0,5.5,0.0,0.0,0.0
PETKOVIC,0.0,5.5,6.0,6.0,6.5,6.0,0.0,0.0,0.0,4.0,0.0,0.0,0.0,0.0,0.0,5.0,0.0,0.0,0.0,5.0,7.5,5.0,5.0,6.0,6.0,5.5,6.0,4.5,5.0,0.0,5.5,5.5,6.0,6.5,5.5,0.0,0.0,0.0
LERIS,0.0,6.0,0.0,0.0,0.0,0.0,0.0,0.0,0.0,0.0,0.0,0.0,0.0,0.0,0.0,0.0,0.0,0.0,0.0,5.0,0.0,0.0,0.0,0.0,0.0,0.0,0.0,0.0,0.0,0.0,0.0,0.0,0.0,0.0,0.0,0.0,0.0,0.0
ROSI,0.0,6.0,4.5,5.5,6.5,5.5,6.0,6.0,0.0,5.5,5.0,6.0,6.0,6.0,5.5,5.0,6.0,5.5,0.0,5.0,0.0,0.0,0.0,6.0,5.0,5.5,0.0,5.0,0.0,0.0,0.0,5.5,0.0,0.0,5.5,6.0,0.0,0.0
SZCZESNY,0.0,7.0,0.0,7.0,0.0,0.0,0.0,0.0,5.0,0.0,4.5,2.5,0.0,0.0,7.0,7.0,8.0,5.0,8.0,7.0,7.0,0.0,0.0,7.0,0.0,0.0,7.0,0.0,0.0,4.0,0.0,5.0,0.0,0.0,0.0,7.0,0.0,0.0
BENATIA,0.0,7.0,0.0,0.0,5.5,6.0,0.0,0.0,0.0,0.0,0.0,0.0,9.5,6.5,6.0,6.5,10.0,6.5,6.0,6.0,6.5,6.0,6.0,0.0,6.0,6.5,0.0,0.0,5.5,5.0,0.0,5.0,5.0,0.0,0.0,0.0,0.0,0.0
ASAMOAH,0.0,6.5,0.0,6.5,0.0,5.5,6.0,0.0,0.0,7.0,0.0,5.0,0.0,6.5,6.0,0.0,0.0,0.0,0.0,6.0,5.5,0.0,0.0,6.5,6.0,6.0,6.0,5.5,6.0,0.0,5.5,0.0,5.5,0.0,6.5,0.0,0.0,0.0
STURARO,0.0,5.5,0.0,5.5,0.0,0.0,5.5,0.0,0.0,0.0,0.0,0.0,6.0,0.0,0.0,0.0,0.0,0.0,0.0,6.0,5.5,6.0,0.0,6.0,0.0,0.0,6.0,0.0,0.0,0.0,0.0,5.5,0.0,0.0,0.0,0.0,5.5,0.0
BERNARDESCHI,0.0,6.0,-0.5,0.0,6.0,11.0,6.0,0.0,10.0,0.0,-0.5,5.0,0.0,0.0,0.0,6.0,6.0,6.0,9.5,0.0,7.5,8.5,10.0,8.0,0.0,0.0,0.0,0.0,0.0,0.0,0.0,0.0,0.0,6.0,0.0,6.0,0.0,0.0
BASTOS,0.0,6.5,9.5,6.5,0.0,0.0,7.0,10.0,5.5,9.5,0.0,4.5,6.0,5.0,6.0,4.0,0.0,6.5,0.0,9.0,4.5,0.0,0.0,0.0,0.0,0.0,0.0,5.0,6.0,6.0,0.0,0.0,0.0,0.0,6.5,0.0,6.0,0.0
LUIZ FELIPE,0.0,0.0,0.0,0.0,6.5,6.0,0.0,6.0,0.0,0.0,0.0,0.0,0.0,0.0,0.0,0.0,0.0,0.0,5.0,0.0,5.5,0.0,0.0,6.0,6.5,5.5,4.5,6.5,6.0,6.5,6.5,4.5,0.0,5.5,4.5,0.0,5.0,0.0
CALABRIA,0.0,4.5,7.5,0.0,0.0,0.0,0.0,6.0,6.0,0.0,0.0,0.0,0.0,0.0,0.0,5.0,0.0,5.5,6.5,6.0,8.5,3.5,0.0,8.0,10.0,6.5,0.0,0.0,5.0,0.0,5.5,0.0,5.5,6.5,0.0,0.0,6.5,0.0
BONAVENTURA,0.0,5.5,5.5,6.0,5.5,0.0,6.5,5.5,0.0,0.0,0.0,5.5,5.0,11.0,13.5,5.5,5.5,5.0,6.0,6.5,10.0,6.5,6.0,9.5,6.0,5.0,6.0,5.5,5.0,5.5,5.5,9.5,5.0,10.0,9.0,5.5,10.5,0.0
FLORENZI,0.0,5.5,8.0,6.0,6.0,9.5,5.0,6.0,0.0,6.5,5.5,5.5,7.5,6.5,0.0,5.5,5.5,6.0,5.5,6.0,1.5,6.0,6.0,6.0,0.0,8.0,8.0,7.5,5.5,6.0,6.0,6.5,0.0,0.0,5.5,6.0,5.5,0.0
GERSON,0.0,0.0,6.0,6.0,0.0,6.0,5.5,0.0,5.5,0.0,13.5,6.0,0.0,6.0,5.0,0.0,0.0,0.0,0.0,6.5,0.0,6.5,7.0,0.0,0.0,6.0,6.0,5.0,5.0,0.0,0.0,5.5,0.0,0.0,5.5,0.0,0.0,0.0
SCHICK,0.0,6.0,6.0,0.0,0.0,0.0,0.0,0.0,0.0,0.0,0.0,0.0,0.0,6.0,6.0,5.5,5.0,5.0,5.0,0.0,0.0,0.0,0.0,0.0,6.0,0.0,5.0,0.0,5.0,6.0,5.0,5.5,10.0,10.0,0.0,0.0,5.5,0.0
ANTONUCCI,0.0,7.5,0.0,0.0,0.0,0.0,0.0,0.0,0.0,0.0,0.0,0.0,0.0,0.0,0.0,0.0,0.0,0.0,0.0,0.0,5.5,0.0,0.0,0.0,0.0,0.0,0.0,0.0,0.0,0.0,0.0,0.0,0.0,0.0,0.0,0.0,0.0,0.0
VIVIANO,0.0,5.5,0.0,0.0,0.0,0.0,0.0,0.0,0.0,5.0,7.5,4.5,2.5,4.0,3.0,9.0,2.0,8.0,2.5,4.5,12.0,5.0,7.0,9.0,5.0,5.0,3.0,0.5,3.5,7.0,3.0,7.5,2.5,5.5,4.5,0.0,0.0,0.0
STRINIC,0.0,6.5,7.0,0.0,6.5,5.0,7.5,6.0,0.0,6.0,5.5,6.0,0.0,0.0,0.0,6.0,4.5,6.5,0.0,6.5,0.0,0.0,0.0,0.0,0.0,0.0,0.0,0.0,0.0,0.0,0.0,6.0,4.0,0.0,0.0,0.0,0.0,0.0
ZAPATA D,0.0,6.5,9.5,6.5,10.0,5.0,10.0,8.5,5.5,10.0,9.0,10.5,5.0,10.0,5.5,5.5,0.0,0.0,0.0,6.0,10.0,5.0,5.0,5.0,10.5,9.5,9.5,6.0,6.5,5.5,5.5,10.0,5.5,0.0,0.0,5.5,0.0,0.0
LETSCHERT,0.0,6.0,5.5,6.0,6.0,6.0,0.0,0.0,0.0,0.0,0.0,0.0,0.0,0.0,0.0,0.0,0.0,0.0,0.0,0.0,0.0,0.0,0.0,0.0,0.0,0.0,0.0,0.0,0.0,0.0,0.0,0.0,0.0,0.0,0.0,0.0,6.0,0.0
MAZZITELLI,0.0,5.5,6.0,0.0,0.0,4.0,0.0,0.0,0.0,5.0,6.5,0.0,6.0,0.0,5.5,0.0,0.0,6.0,0.0,0.0,0.0,0.0,0.0,5.5,5.0,0.0,5.5,6.0,6.0,7.0,5.5,5.5,0.0,6.0,0.0,0.0,0.0,0.0
BASELLI,0.0,6.0,9.5,5.0,3.0,0.0,5.5,6.0,5.0,6.5,6.5,10.0,5.5,4.5,7.0,4.0,5.5,0.0,6.0,5.0,5.5,5.5,5.5,5.5,0.0,6.5,5.0,0.0,6.0,5.5,6.5,5.5,0.0,4.5,8.5,6.0,10.0,0.0
NIANG,0.0,5.5,7.0,5.5,5.0,9.5,5.5,4.5,4.5,0.0,0.0,5.5,5.0,0.0,0.0,6.0,4.5,6.5,10.0,5.5,9.5,5.5,5.5,6.0,9.5,0.0,5.5,5.0,0.0,0.0,0.0,0.0,0.0,6.0,6.0,0.0,0.0,0.0
STRYGER LARSEN,0.0,6.0,6.0,5.5,8.0,6.5,0.0,6.0,5.0,6.0,5.0,0.0,0.0,0.0,5.5,5.5,6.5,5.0,0.0,6.5,6.0,4.5,5.5,5.0,4.5,5.0,0.0,5.5,6.0,7.0,6.5,0.0,6.0,5.5,5.5,6.5,7.0,0.0
MAXI LOPEZ,0.0,5.5,5.5,6.0,4.5,13.5,5.5,5.0,6.5,5.5,5.0,5.0,0.0,8.0,6.0,0.0,5.5,5.5,0.0,6.0,6.0,6.5,5.5,5.5,5.5,0.0,5.0,5.0,6.0,6.0,6.0,0.0,6.5,0.0,0.0,0.0,0.0,0.0
ADNAN,0.0,0.0,0.0,6.5,0.0,6.0,6.0,4.5,6.0,7.0,0.0,0.0,6.0,6.0,6.5,5.0,7.0,7.5,0.0,0.0,0.0,0.0,0.0,5.5,6.0,0.0,5.5,3.5,6.0,5.5,5.0,5.5,6.0,0.0,5.5,0.0,0.0,0.0
KEAN,0.0,5.5,5.0,5.0,5.0,9.0,5.5,5.5,4.0,5.0,0.0,0.0,0.0,6.0,5.0,10.0,5.0,6.0,5.0,0.0,13.0,0.0,6.0,5.5,6.5,0.0,0.0,0.0,0.0,0.0,0.0,0.0,0.0,0.0,0.0,0.0,0.0,0.0
PAVOLETTI,0.0,5.5,5.5,4.5,0.0,5.0,9.0,5.0,9.5,5.0,5.5,6.0,9.5,6.0,10.0,5.0,5.0,10.0,6.0,4.5,0.0,6.0,6.0,9.0,5.0,6.0,10.0,10.0,5.5,4.5,10.0,0.0,5.0,9.0,6.0,9.5,6.0,0.0
ANTEI,0.0,5.5,5.0,0.0,0.0,0.0,3.5,0.0,5.5,4.5,6.0,6.0,0.0,0.0,6.5,0.0,0.0,0.0,0.0,0.0,0.0,0.0,0.0,0.0,0.0,0.0,0.0,0.0,0.0,0.0,0.0,0.0,0.0,0.0,0.0,0.0,0.0,0.0
MEMUSHAJ,0.0,6.0,0.0,4.0,5.5,6.5,5.5,5.0,5.0,5.0,0.0,0.0,0.0,6.0,6.5,6.0,0.0,5.5,6.5,4.5,5.5,5.5,0.0,0.0,0.0,0.0,0.0,0.0,0.0,0.0,0.0,0.0,0.0,0.0,0.0,0.0,0.0,0.0
LAZAAR,0.0,6.0,5.5,5.0,5.0,0.0,0.0,0.0,5.5,9.0,6.0,0.0,0.0,0.0,0.0,0.0,0.0,0.0,0.0,0.0,0.0,0.0,0.0,0.0,0.0,0.0,0.0,0.0,0.0,0.0,0.0,0.0,0.0,0.0,0.0,0.0,0.0,0.0
IEMMELLO,0.0,5.0,0.0,0.0,0.0,7.0,5.0,5.0,9.0,5.0,0.0,0.0,0.0,0.0,0.0,0.0,0.0,0.0,0.0,0.0,5.5,0.0,0.0,6.0,0.0,6.5,0.0,0.0,0.0,5.5,6.0,5.5,10.0,5.5,5.0,0.0,0.0,0.0
GRASSI,0.0,6.0,0.0,5.5,0.0,0.0,0.0,0.0,0.0,0.0,6.0,6.5,6.0,5.0,6.5,6.0,6.0,6.5,6.5,6.5,6.0,6.0,5.5,5.0,6.5,10.0,5.0,6.5,6.5,6.0,0.0,6.0,5.0,6.0,6.0,10.0,9.5,0.0
GOLLINI,0.0,0.0,5.0,0.0,0.0,0.0,0.0,0.0,7.0,0.0,0.0,0.0,0.0,0.0,0.0,0.0,0.0,4.0,0.0,0.0,7.0,0.0,0.0,4.5,0.0,0.0,0.0,0.0,7.5,0.0,0.0,0.0,0.0,0.0,0.0,0.0,7.5,0.0
ORSOLINI,0.0,0.0,6.0,6.5,6.0,0.0,0.0,0.0,0.0,5.5,0.0,6.0,0.0,0.0,0.0,0.0,0.0,0.0,0.0,0.0,0.0,6.0,5.0,0.0,0.0,6.5,0.0,0.0,6.0,0.0,0.0,0.0,6.0,6.0,0.0,0.0,5.5,0.0
GONZALEZ G,0.0,0.0,6.0,6.5,6.5,7.0,6.5,4.0,0.0,5.0,4.5,5.0,0.0,0.0,5.0,5.0,5.5,5.0,4.5,0.0,0.0,0.0,5.0,6.0,6.5,3.0,0.0,6.5,0.0,0.0,0.0,6.5,5.0,5.0,0.0,0.0,0.0,0.0
OKWONKWO,0.0,0.0,0.0,0.0,9.5,0.0,0.0,0.0,0.0,0.0,0.0,10.0,10.0,5.5,5.5,5.0,0.0,0.0,5.0,0.0,0.0,0.0,0.0,0.0,0.0,0.0,0.0,0.0,0.0,0.0,0.0,0.0,0.0,0.0,0.0,0.0,0.0,0.0
BASTIEN,0.0,0.0,9.5,5.5,0.0,6.0,0.0,0.0,0.0,6.0,6.0,6.0,5.5,5.5,6.0,5.0,6.0,0.0,6.5,5.5,3.5,0.0,6.0,0.0,5.5,0.0,0.0,0.0,0.0,6.5,6.0,0.0,0.0,0.0,6.0,6.0,5.5,0.0
DEPAOLI,0.0,0.0,6.0,5.0,0.0,6.0,0.0,0.0,0.0,0.0,6.5,0.0,6.0,5.0,4.5,0.0,0.0,5.5,0.0,0.0,6.0,6.0,6.0,0.0,0.0,0.0,0.0,5.5,5.5,4.5,6.0,6.0,0.0,6.0,0.0,6.0,6.0,0.0
SPOLLI,0.0,0.0,5.5,0.0,0.0,0.0,0.0,0.0,0.0,0.0,0.0,6.5,6.5,5.5,6.5,6.0,6.5,6.5,6.5,4.5,6.0,0.0,5.0,6.5,5.0,0.0,6.5,6.5,5.5,7.0,6.0,0.0,0.0,0.0,5.0,6.5,0.0,0.0
ZUKANOVIC,0.0,0.0,6.0,6.5,5.5,6.5,6.0,5.5,2.5,5.5,5.0,6.0,6.5,6.5,5.0,6.5,6.0,6.5,5.5,0.0,6.0,6.0,6.5,7.0,6.5,5.0,5.0,6.0,6.0,7.0,6.5,2.5,6.5,5.5,0.0,0.0,0.0,0.0
COFIE,0.0,0.0,5.5,0.0,5.5,6.5,0.0,0.0,0.0,0.0,0.0,0.0,0.0,0.0,0.0,0.0,6.0,0.0,0.0,0.0,0.0,0.0,0.0,0.0,0.0,6.0,0.0,0.0,0.0,6.0,6.5,6.0,4.5,0.0,0.0,5.0,0.0,0.0
BRLEK,0.0,0.0,5.5,5.5,0.0,0.0,0.0,0.0,0.0,0.0,0.0,0.0,0.0,0.0,0.0,5.5,0.0,0.0,5.0,0.0,0.0,0.0,0.0,0.0,0.0,0.0,0.0,0.0,0.0,0.0,0.0,0.0,0.0,0.0,0.0,0.0,0.0,0.0
RICCI,0.0,0.0,5.0,0.0,0.0,5.5,6.0,6.0,0.0,0.0,0.0,0.0,0.0,0.0,0.0,0.0,0.0,0.0,0.0,11.0,6.0,5.5,6.0,5.5,5.0,0.0,6.5,6.5,5.0,5.5,6.0,0.0,5.5,0.0,5.5,0.0,5.5,0.0
PELLEGRI,0.0,0.0,13.5,4.5,6.0,5.0,0.0,0.0,0.0,0.0,0.0,0.0,0.0,0.0,0.0,0.0,0.0,0.0,0.0,0.0,0.0,0.0,0.0,0.0,0.0,0.0,0.0,0.0,0.0,0.0,0.0,0.0,0.0,0.0,0.0,0.0,0.0,0.0
RANOCCHIA,0.0,0.0,0.0,0.0,0.0,0.0,0.0,0.0,0.0,0.0,0.0,0.0,0.0,6.0,0.0,0.0,0.0,6.5,5.0,0.0,0.0,0.0,0.0,2.5,9.5,0.0,0.0,0.0,0.0,0.0,0.0,0.0,0.0,0.0,9.5,6.0,0.0,0.0
MURGIA,0.0,0.0,6.5,5.5,6.0,0.0,0.0,6.0,0.0,0.0,0.0,0.0,0.0,0.0,0.0,0.0,6.0,0.0,0.0,0.0,0.0,5.5,0.0,0.0,6.0,0.0,0.0,0.0,0.0,5.5,0.0,3.5,0.0,5.5,5.0,5.0,6.0,0.0
ROMAGNOLI A,0.0,0.0,4.0,5.5,6.0,5.5,5.0,6.5,6.5,5.5,9.5,9.0,6.0,4.0,0.0,4.0,0.0,5.0,6.0,6.5,7.0,6.5,6.0,6.5,7.0,6.0,6.0,0.0,6.0,0.0,0.0,0.0,0.0,0.0,6.0,6.0,7.0,0.0
OUNAS,0.0,0.0,6.5,0.0,0.0,0.0,0.0,0.0,0.0,0.0,0.0,0.0,0.0,6.0,5.5,0.0,0.0,0.0,0.0,0.0,0.0,0.0,0.0,0.0,0.0,0.0,0.0,0.0,0.0,0.0,0.0,0.0,0.0,0.0,0.0,0.0,0.0,0.0
HECTOR MORENO,0.0,0.0,0.0,0.0,5.5,0.0,0.0,6.5,6.0,6.0,0.0,0.0,0.0,0.0,0.0,0.0,0.0,0.0,0.0,0.0,0.0,0.0,0.0,0.0,0.0,0.0,0.0,0.0,0.0,0.0,0.0,0.0,0.0,0.0,0.0,0.0,0.0,0.0
GUSTAFSON,0.0,0.0,6.0,0.0,6.0,5.5,0.0,0.0,0.0,0.0,0.0,0.0,0.0,0.0,0.0,0.0,0.0,5.5,0.0,0.0,0.0,0.0,0.0,0.0,0.0,0.0,0.0,0.0,0.0,0.0,0.0,0.0,0.0,0.0,0.0,0.0,0.0,0.0
BOYE',0.0,0.0,6.0,0.0,6.0,5.5,0.0,5.5,0.0,0.0,0.0,0.0,6.0,6.0,0.0,0.0,0.0,6.0,7.0,0.0,0.0,0.0,0.0,0.0,0.0,0.0,0.0,0.0,0.0,0.0,0.0,0.0,0.0,0.0,0.0,0.0,0.0,0.0
MATOS,0.0,0.0,6.0,0.0,0.0,0.0,6.0,0.0,5.5,5.5,0.0,0.0,0.0,0.0,0.0,0.0,0.0,0.0,0.0,5.5,6.5,6.0,5.5,5.0,6.5,0.0,6.5,5.0,0.0,0.0,0.0,5.0,4.5,5.0,4.5,0.0,5.5,0.0
BAJIC,0.0,0.0,6.0,0.0,6.0,0.0,0.0,0.0,0.0,0.0,0.0,6.0,0.0,0.0,0.0,0.0,0.0,0.0,0.0,0.0,0.0,0.0,0.0,0.0,0.0,0.0,0.0,0.0,0.0,0.0,0.0,0.0,0.0,0.0,0.0,0.0,0.0,0.0
FOSSATI,0.0,0.0,5.5,6.0,5.0,0.0,5.5,0.0,5.0,5.5,5.5,5.0,0.0,0.0,0.0,0.0,4.5,0.0,0.0,0.0,0.0,0.0,0.0,0.0,6.0,5.5,0.0,0.0,0.0,5.5,5.5,0.0,0.0,5.5,0.0,4.5,5.0,0.0
CEPPITELLI,0.0,0.0,6.5,4.5,0.0,0.0,0.0,0.0,6.0,0.0,9.5,6.5,4.5,6.0,0.0,0.0,0.0,6.5,5.5,5.5,6.5,6.5,6.0,6.0,5.0,5.0,3.0,5.5,4.5,0.0,10.0,0.0,6.5,5.0,5.5,6.5,9.5,0.0
ROMAGNA,0.0,0.0,0.0,0.0,0.0,4.5,5.0,5.5,7.0,5.5,6.5,6.0,6.5,6.0,5.0,6.5,6.0,6.0,6.5,6.0,0.0,0.0,0.0,0.0,5.0,0.0,6.0,6.5,5.0,6.0,0.0,5.0,0.0,0.0,0.0,0.0,0.0,0.0
TONEV,0.0,0.0,5.5,0.0,0.0,0.0,0.0,0.0,0.0,0.0,0.0,5.5,5.0,5.5,5.5,6.0,6.0,0.0,0.0,0.0,0.0,0.0,0.0,0.0,0.0,0.0,0.0,0.0,0.0,0.0,0.0,0.0,0.0,0.0,0.0,0.0,0.0,0.0
LOMBARDI,0.0,0.0,4.5,0.0,6.0,5.5,5.5,6.0,6.0,5.5,5.0,0.0,5.5,0.0,0.0,0.0,5.5,6.5,6.0,5.0,0.0,0.0,7.0,0.0,0.0,0.0,5.5,0.0,7.5,0.0,0.0,5.0,0.0,0.0,0.0,0.0,0.0,0.0
PARIGINI,0.0,0.0,0.0,5.0,6.0,5.5,5.0,0.0,0.0,0.0,0.0,5.0,0.0,5.5,5.0,6.0,5.5,6.5,0.0,0.0,0.0,0.0,0.0,6.0,0.0,0.0,0.0,0.0,0.0,0.0,5.5,5.5,6.0,6.0,6.0,5.5,6.0,0.0
CHIBSAH,0.0,0.0,5.0,4.0,0.0,5.5,5.5,4.5,5.5,4.5,5.0,5.0,5.5,7.0,5.0,4.5,5.0,0.0,0.0,0.0,0.0,0.0,0.0,0.0,0.0,0.0,0.0,0.0,0.0,0.0,0.0,0.0,0.0,0.0,0.0,0.0,0.0,0.0
ARMENTEROS,0.0,0.0,5.5,5.5,0.0,0.0,0.0,6.0,0.0,0.0,5.5,9.0,6.5,0.0,5.0,5.0,0.0,0.0,0.0,0.0,0.0,0.0,0.0,0.0,0.0,0.0,0.0,0.0,0.0,0.0,0.0,0.0,0.0,0.0,0.0,0.0,0.0,0.0
BASTONI,0.0,0.0,0.0,6.0,0.0,0.0,0.0,0.0,0.0,0.0,0.0,0.0,0.0,0.0,0.0,0.0,0.0,0.0,0.0,0.0,0.0,0.0,0.0,0.0,0.0,0.0,0.0,0.0,0.0,0.0,0.0,0.0,0.0,0.0,0.0,0.0,6.5,0.0
VIDO,0.0,0.0,0.0,6.0,0.0,0.0,6.0,0.0,6.0,5.5,0.0,0.0,0.0,0.0,0.0,0.0,0.0,0.0,0.0,0.0,0.0,0.0,0.0,0.0,0.0,0.0,0.0,0.0,0.0,0.0,0.0,0.0,0.0,0.0,0.0,0.0,0.0,0.0
LAURINI,0.0,0.0,0.0,5.5,6.0,0.0,6.5,6.0,6.5,5.5,0.0,0.0,5.5,7.5,5.5,5.5,0.0,6.0,6.0,5.0,4.5,6.0,0.0,0.0,0.0,0.0,6.0,0.0,5.5,5.5,0.0,0.0,5.0,5.5,0.0,5.5,0.0,0.0
RIGONI L,0.0,0.0,0.0,5.5,0.0,0.0,11.0,5.5,7.5,6.0,5.5,9.5,6.5,5.0,5.0,0.0,6.0,5.0,5.5,5.5,5.5,6.0,6.0,0.0,0.0,0.0,6.5,6.0,5.0,5.5,0.0,5.5,0.0,0.0,0.0,0.0,0.0,0.0
ZAPATA C,0.0,0.0,0.0,6.5,4.0,0.0,0.0,7.0,0.0,5.0,6.0,0.0,6.5,0.0,0.0,0.0,0.0,0.0,0.0,0.0,0.0,0.0,0.0,0.0,0.0,0.0,0.0,5.5,0.0,0.0,6.5,6.5,6.0,6.5,0.0,0.0,0.0,0.0
GONALONS,0.0,0.0,0.0,7.0,0.0,0.0,0.0,0.0,6.0,0.0,6.5,0.0,0.0,5.5,5.5,0.0,0.0,0.0,5.0,0.0,0.0,0.0,0.0,0.0,0.0,0.0,0.0,6.0,0.0,4.5,0.0,6.0,6.0,0.0,6.0,6.0,6.0,0.0
VERRE,0.0,0.0,0.0,0.0,0.0,0.0,5.0,0.0,0.0,0.0,0.0,6.0,5.5,0.0,0.0,0.0,5.0,0.0,6.0,0.0,0.0,0.0,0.0,5.0,0.0,0.0,0.0,5.5,0.0,0.0,0.0,0.0,0.0,0.0,0.0,0.0,0.0,0.0
BIONDINI,0.0,0.0,0.0,6.0,5.5,0.0,0.0,0.0,5.5,0.0,0.0,6.0,5.0,0.0,0.0,0.0,0.0,0.0,0.0,0.0,0.0,6.0,0.0,0.0,0.0,0.0,0.0,0.0,0.0,0.0,0.0,0.0,0.0,0.0,0.0,0.0,-0.5,0.0
ANSALDI,0.0,0.0,0.0,6.5,5.0,7.5,0.0,0.0,0.0,7.5,6.0,6.5,6.5,6.0,0.0,0.0,0.0,0.0,0.0,5.5,6.0,6.5,6.0,6.0,5.5,6.5,4.5,5.5,10.0,6.5,6.5,6.5,5.5,0.0,6.5,5.5,5.5,0.0
LYANCO,0.0,0.0,0.0,6.5,5.0,6.5,0.0,0.0,0.0,0.0,0.0,0.0,0.0,0.0,0.0,0.0,6.0,0.0,0.0,0.0,0.0,0.0,0.0,0.0,0.0,0.0,0.0,0.0,0.0,0.0,0.0,0.0,0.0,0.0,0.0,0.0,0.0,0.0
CARACCIOLO A,0.0,0.0,0.0,7.0,4.5,6.0,7.0,5.5,5.0,5.0,4.5,6.0,6.0,6.0,5.5,10.0,3.5,5.0,5.0,5.0,6.0,4.5,5.5,6.0,6.0,5.0,10.0,5.0,5.0,6.0,5.0,0.0,5.0,4.5,5.0,6.0,6.0,0.0
BEARZOTTI,0.0,0.0,0.0,6.0,6.0,0.0,0.0,0.0,0.0,0.0,0.0,0.0,0.0,0.0,0.0,0.0,0.0,0.0,0.0,0.0,0.0,0.0,0.0,0.0,0.0,0.0,0.0,0.0,0.0,0.0,0.0,0.0,5.0,0.0,5.0,6.0,5.0,0.0
GIANNETTI,0.0,0.0,0.0,5.0,6.0,0.0,0.0,0.0,0.0,0.0,0.0,0.0,-0.5,0.0,0.0,0.0,0.0,0.0,0.0,0.0,5.0,0.0,0.0,0.0,0.0,0.0,0.0,0.0,0.0,0.0,0.0,4.5,0.0,0.0,0.0,0.0,0.0,0.0
FELIPE,0.0,0.0,0.0,5.0,6.0,5.5,5.5,5.5,5.0,5.5,5.5,6.5,5.5,3.0,0.0,0.0,0.0,6.0,4.0,5.0,6.0,6.0,5.5,4.5,0.0,6.0,6.0,7.0,5.0,6.5,7.0,5.5,5.0,10.5,6.0,6.0,6.5,0.0
MANCINI G,0.0,0.0,0.0,0.0,6.0,0.0,0.0,0.0,0.0,0.0,0.0,0.0,0.0,0.0,0.0,0.0,0.0,6.0,0.0,0.0,0.0,10.0,0.0,5.0,3.5,6.0,0.0,0.0,0.0,5.5,-0.5,4.5,6.5,0.0,0.0,0.0,0.0,0.0
SPINAZZOLA,0.0,0.0,0.0,0.0,5.5,5.5,7.5,5.5,0.0,6.0,5.5,0.0,0.0,5.5,5.5,5.5,7.5,5.0,6.0,5.5,0.0,5.5,6.5,0.0,5.5,0.0,6.5,6.5,0.0,0.0,0.0,0.0,0.0,0.0,0.0,0.0,0.0,0.0
DA COSTA,0.0,0.0,0.0,0.0,7.5,0.0,0.0,0.0,0.0,5.0,3.5,0.0,0.0,0.0,0.0,0.0,0.0,0.0,0.0,0.0,0.0,0.0,0.0,0.0,0.0,0.0,0.0,0.0,0.0,0.0,0.0,0.0,0.0,0.0,0.0,0.0,5.5,0.0
STEPINSKI,0.0,0.0,0.0,0.0,10.0,0.0,5.5,6.0,5.5,0.0,0.0,5.5,0.0,0.0,6.0,0.0,0.0,5.5,5.5,5.0,0.0,0.0,0.0,0.0,0.0,5.5,0.0,9.0,5.5,10.0,5.0,6.0,10.0,0.0,10.0,0.0,5.5,0.0
SANCHEZ C,0.0,0.0,0.0,0.0,5.0,0.0,0.0,0.0,0.0,0.0,6.0,5.0,0.0,0.0,6.0,0.0,0.0,0.0,0.0,10.0,0.0,0.0,0.0,0.0,0.0,0.0,0.0,0.0,0.0,0.0,0.0,0.0,0.0,0.0,0.0,0.0,0.0,0.0
MIGLIORE,0.0,0.0,0.0,0.0,4.5,0.0,0.0,0.0,0.0,0.0,0.0,0.0,0.0,0.0,0.0,6.0,0.0,0.0,0.0,0.0,5.5,0.0,0.0,0.0,0.0,0.0,0.0,0.0,0.0,0.0,0.0,6.0,0.0,4.5,0.0,0.0,0.0,0.0
KARAMOH,0.0,0.0,0.0,0.0,6.0,0.0,0.0,0.0,0.0,0.0,0.0,0.0,0.0,0.0,0.0,5.5,0.0,0.0,0.0,0.0,0.0,6.0,10.5,5.0,6.0,0.0,0.0,0.0,0.0,6.0,0.0,6.0,6.0,0.0,0.0,5.0,6.5,0.0
PATRIC,0.0,0.0,0.0,0.0,6.0,7.0,4.5,0.0,0.0,0.0,0.0,6.0,0.0,6.5,0.0,0.0,6.0,0.0,0.0,0.0,0.0,5.0,0.0,0.0,0.0,0.0,0.0,0.0,6.5,6.0,0.0,0.0,0.0,0.0,0.0,6.0,0.0,0.0
DI GENNARO D,0.0,0.0,0.0,0.0,0.0,0.0,0.0,0.0,0.0,0.0,0.0,0.0,0.0,0.0,0.0,0.0,0.0,0.0,0.0,0.0,0.0,0.0,0.0,0.0,0.0,0.0,0.0,0.0,0.0,0.0,0.0,0.0,0.0,0.0,0.0,0.0,0.0,0.0
MAKSIMOVIC,0.0,0.0,0.0,0.0,6.0,0.0,0.0,0.0,0.0,0.0,0.0,0.0,0.0,0.0,0.0,0.0,0.0,0.0,0.0,0.0,0.0,0.0,0.0,0.0,0.0,0.0,0.0,0.0,0.0,0.0,0.0,0.0,0.0,0.0,0.0,0.0,0.0,0.0
CAPEZZI,0.0,0.0,0.0,0.0,0.0,0.0,0.0,0.0,0.0,0.0,0.0,0.0,0.0,0.0,0.0,0.0,0.0,0.0,0.0,0.0,0.0,0.0,0.0,0.0,0.0,6.5,6.0,0.0,0.0,0.0,0.0,0.0,0.0,0.0,0.0,0.0,6.5,0.0
BIZZARRI,0.0,0.0,0.0,0.0,3.0,7.0,3.0,-0.5,7.5,9.0,3.0,4.0,0.0,7.5,6.5,5.5,7.0,5.5,5.0,5.0,8.0,5.0,4.0,4.0,3.5,4.0,8.0,4.5,4.5,3.5,4.0,2.0,3.5,3.0,1.0,7.0,7.5,0.0
LEE,0.0,0.0,0.0,0.0,6.0,0.0,0.0,6.0,5.5,5.5,0.0,0.0,0.0,5.5,0.0,0.0,5.0,0.0,0.0,0.0,0.0,5.5,0.0,0.0,0.0,0.0,0.0,0.0,0.0,0.0,5.5,5.0,0.0,4.5,9.5,6.0,0.0,0.0
MIANGUE,0.0,0.0,0.0,0.0,6.0,0.0,0.0,6.0,6.0,5.0,0.0,0.0,0.0,0.0,0.0,0.0,0.0,4.0,0.0,0.0,0.0,0.0,0.0,0.0,0.0,0.0,6.5,7.5,5.0,5.0,6.5,5.5,0.0,0.0,0.0,0.0,0.0,0.0
GRAVILLON,0.0,0.0,0.0,0.0,5.5,0.0,0.0,0.0,0.0,0.0,0.0,0.0,0.0,0.0,0.0,0.0,0.0,6.0,0.0,0.0,0.0,0.0,0.0,0.0,0.0,0.0,0.0,0.0,0.0,0.0,0.0,0.0,0.0,0.0,0.0,0.0,0.0,0.0
GASPAR B,0.0,0.0,0.0,0.0,0.0,5.0,0.0,0.0,0.0,0.0,5.0,6.5,0.0,0.0,-0.5,0.0,0.0,0.0,0.0,0.0,0.0,6.0,0.0,0.0,0.0,0.0,0.0,0.0,0.0,0.0,0.0,0.0,6.0,6.0,5.0,0.0,4.5,0.0
SAPONARA,0.0,0.0,0.0,0.0,0.0,5.5,0.0,0.0,0.0,0.0,0.0,6.0,6.0,0.0,0.0,0.0,0.0,0.0,0.0,7.5,6.0,0.0,0.0,0.0,0.0,5.5,7.5,6.5,8.0,7.5,5.5,0.0,5.5,6.0,5.5,5.5,5.0,0.0
MAURICIO,0.0,0.0,0.0,0.0,0.0,0.0,0.0,0.0,0.0,0.0,0.0,0.0,0.0,0.0,0.0,0.0,0.0,0.0,0.0,0.0,0.0,0.0,0.0,0.0,0.0,0.0,0.0,0.0,0.0,0.0,0.0,0.0,0.0,0.0,0.0,0.0,0.0,0.0
NANI,0.0,0.0,0.0,0.0,0.0,6.0,6.0,0.0,6.0,11.0,10.0,5.5,0.0,0.0,0.0,0.0,0.0,0.0,0.0,11.0,0.0,5.5,5.5,0.0,0.0,0.0,5.5,5.0,6.0,0.0,0.0,0.0,7.5,0.0,0.0,5.0,0.0,0.0
MARIO RUI,0.0,0.0,0.0,0.0,0.0,0.0,0.0,0.0,0.0,0.0,5.0,6.5,0.0,4.5,5.5,6.5,4.0,0.0,7.5,5.5,6.0,6.5,10.0,6.5,10.0,5.5,6.0,6.0,7.0,5.5,0.0,5.0,6.5,4.5,5.0,7.5,7.0,0.0
KOWNACKI,0.0,0.0,0.0,0.0,0.0,6.0,0.0,9.5,9.5,0.0,0.0,0.0,0.0,5.5,0.0,5.5,6.0,7.5,9.5,5.0,6.0,5.5,6.5,6.0,0.0,0.0,0.0,0.0,0.0,0.0,6.0,5.5,5.5,10.0,5.0,5.5,9.5,0.0
VALDIFIORI,0.0,0.0,0.0,0.0,0.0,6.0,0.0,0.0,6.0,5.5,0.0,0.0,0.0,0.0,5.5,5.0,5.5,4.0,0.0,0.0,0.0,6.0,0.0,0.0,0.0,0.0,0.0,5.5,0.0,0.0,0.0,0.0,0.0,0.0,0.0,0.0,0.0,0.0
BALIC,0.0,0.0,0.0,0.0,0.0,5.0,0.0,0.0,0.0,0.0,0.0,5.0,6.0,0.0,5.0,0.0,0.0,0.0,0.0,6.0,0.0,5.5,0.0,0.0,5.5,5.0,6.0,6.0,6.5,5.5,5.5,6.5,5.5,6.5,4.5,0.0,0.0,0.0
DEIOLA,0.0,0.0,0.0,0.0,0.0,6.0,0.0,0.0,0.0,0.0,0.0,0.0,0.0,0.0,0.0,5.5,0.0,0.0,0.0,5.0,0.0,0.0,0.0,0.0,6.0,0.0,5.5,0.0,5.0,0.0,0.0,0.0,0.0,0.0,6.5,6.0,6.5,0.0
SIMIC S,0.0,0.0,0.0,0.0,0.0,0.0,0.0,5.0,6.5,5.5,5.5,5.5,0.0,5.5,0.0,0.0,0.0,5.5,0.0,0.0,0.0,0.0,0.0,0.0,0.0,0.0,0.0,0.0,0.0,0.0,0.0,0.0,0.0,0.0,0.0,0.0,0.0,0.0
DJIMSITI,0.0,0.0,0.0,0.0,0.0,6.5,5.0,5.0,5.0,0.0,6.0,0.0,6.5,5.5,5.0,6.0,6.5,6.0,5.5,5.0,5.0,4.5,4.5,7.0,6.0,6.0,5.0,6.0,4.0,5.0,4.5,5.0,7.5,5.0,5.5,6.5,5.5,0.0
IZZO,0.0,0.0,0.0,0.0,0.0,0.0,5.5,6.5,9.0,4.5,6.0,6.5,5.5,7.0,4.5,6.5,5.5,7.0,0.0,6.5,6.0,0.0,0.0,0.0,0.0,0.0,0.0,0.0,0.0,0.0,0.0,0.0,0.0,0.0,0.0,5.5,5.0,0.0
SANTON,0.0,0.0,0.0,0.0,0.0,0.0,0.0,0.0,0.0,0.0,0.0,6.0,6.0,6.5,5.0,4.0,0.0,5.5,5.0,5.0,0.0,0.0,0.0,0.0,0.0,0.0,0.0,0.0,6.0,0.0,6.0,0.0,6.0,4.0,6.0,0.0,0.0,0.0
SADIQ,0.0,0.0,0.0,0.0,0.0,0.0,5.0,4.5,4.5,0.0,0.0,0.0,0.0,0.0,0.0,0.0,0.0,0.0,0.0,0.0,0.0,0.0,0.0,0.0,0.0,0.0,0.0,0.0,0.0,0.0,0.0,0.0,0.0,0.0,0.0,0.0,0.0,0.0
WIDMER,0.0,0.0,0.0,0.0,0.0,0.0,5.5,0.0,0.0,0.0,0.0,4.5,6.0,6.0,6.0,7.5,10.0,9.5,5.5,0.0,0.0,6.0,6.0,5.5,5.0,5.5,6.0,5.5,0.0,6.0,0.0,6.0,5.5,9.5,5.0,0.0,5.5,0.0
RAFAEL,0.0,0.0,0.0,0.0,0.0,0.0,5.0,0.0,5.0,4.0,4.5,7.5,2.5,4.5,0.0,0.0,0.0,5.5,5.0,0.0,8.0,0.0,0.0,0.0,0.0,0.0,0.0,0.0,0.0,0.0,0.0,0.0,0.0,0.0,0.0,0.0,0.0,0.0
VAN DER WIEL,0.0,0.0,0.0,0.0,0.0,0.0,4.5,0.0,0.0,0.0,0.0,0.0,0.0,0.0,6.0,6.0,5.5,0.0,0.0,0.0,0.0,0.0,0.0,0.0,0.0,0.0,0.0,0.0,0.0,0.0,0.0,0.0,0.0,0.0,0.0,0.0,0.0,0.0
BRIGNOLI,0.0,0.0,0.0,0.0,0.0,0.0,5.0,1.5,3.5,1.5,4.0,3.0,5.0,8.5,4.0,0.0,0.0,0.0,0.0,0.0,3.5,0.0,0.0,0.0,0.0,7.0,0.0,0.0,-1.5,0.0,0.0,0.0,0.0,3.0,0.0,0.0,0.0,0.0
GYAMFI,0.0,0.0,0.0,0.0,0.0,0.0,5.5,5.5,0.0,0.0,0.0,0.0,0.0,0.0,4.5,0.0,6.0,0.0,5.5,0.0,0.0,0.0,0.0,0.0,0.0,0.0,0.0,0.0,0.0,0.0,0.0,0.0,0.0,0.0,5.5,6.0,0.0,0.0
LO FASO,0.0,0.0,0.0,0.0,0.0,0.0,0.0,6.0,0.0,0.0,0.0,0.0,0.0,0.0,0.0,0.0,0.0,0.0,0.0,0.0,0.0,0.0,0.0,0.0,0.0,0.0,0.0,0.0,6.0,0.0,0.0,0.0,0.0,0.0,0.0,0.0,0.0,0.0
CASSATA,0.0,0.0,0.0,0.0,0.0,0.0,0.0,3.0,0.0,5.0,6.0,0.0,0.0,0.0,6.0,0.0,0.0,0.0,0.0,0.0,0.0,0.0,0.0,0.0,0.0,10.0,0.0,0.0,-0.5,6.0,5.5,0.0,0.0,0.0,0.0,0.0,0.0,0.0
CROSTA,0.0,0.0,0.0,0.0,0.0,0.0,0.0,1.5,0.0,0.0,0.0,0.0,0.0,0.0,0.0,0.0,0.0,0.0,0.0,0.0,0.0,0.0,0.0,0.0,0.0,0.0,0.0,0.0,0.0,0.0,0.0,0.0,0.0,0.0,0.0,0.0,0.0,0.0
LOPEZ D,0.0,0.0,0.0,0.0,0.0,0.0,0.0,5.0,6.5,5.5,5.0,7.0,7.0,6.0,6.5,6.0,5.5,7.0,6.0,5.5,6.0,6.5,5.0,5.5,4.5,5.5,6.5,7.0,5.0,5.0,6.5,5.0,5.5,5.0,6.0,7.0,7.0,0.0
KANOUTE,0.0,0.0,0.0,0.0,0.0,0.0,0.0,0.0,0.0,0.0,0.0,0.0,5.5,0.0,0.0,0.0,0.0,0.0,0.0,0.0,0.0,0.0,0.0,0.0,0.0,0.0,0.0,0.0,0.0,0.0,0.0,0.0,0.0,0.0,0.0,0.0,0.0,0.0
FALLETTI,0.0,0.0,0.0,0.0,0.0,0.0,0.0,0.0,5.5,5.0,0.0,0.0,0.0,0.0,0.0,6.0,0.0,5.5,0.0,0.0,0.0,0.0,5.5,5.0,10.0,0.0,0.0,0.0,0.0,5.5,0.0,0.0,0.0,0.0,0.0,6.0,6.0,0.0
NAGY,0.0,0.0,0.0,0.0,0.0,0.0,0.0,0.0,6.0,5.0,0.0,0.0,0.0,0.0,6.5,0.0,6.5,6.0,0.0,0.0,0.0,0.0,0.0,0.0,6.0,0.0,5.5,0.0,0.0,0.0,9.5,5.5,5.5,5.0,5.5,0.0,0.0,0.0
MEGGIORINI,0.0,0.0,0.0,0.0,0.0,0.0,0.0,0.0,5.5,5.5,6.0,6.0,5.0,5.0,5.5,6.0,0.0,0.0,0.0,0.0,0.0,5.0,5.0,6.0,4.5,0.0,5.5,0.0,0.0,5.5,0.0,0.0,0.0,0.0,0.0,0.0,0.0,0.0
LUKAKU J,0.0,0.0,0.0,0.0,0.0,0.0,0.0,0.0,6.0,5.5,6.5,6.5,6.0,5.5,0.0,6.0,10.5,6.0,7.0,7.5,0.0,5.5,5.5,6.0,5.5,5.5,5.5,6.0,0.0,0.0,6.5,6.0,6.0,6.0,6.0,0.0,5.5,0.0
KARSDORP,0.0,0.0,0.0,0.0,0.0,0.0,0.0,0.0,5.5,0.0,0.0,0.0,0.0,0.0,0.0,0.0,0.0,0.0,0.0,0.0,0.0,0.0,0.0,0.0,0.0,0.0,0.0,0.0,0.0,0.0,0.0,0.0,0.0,0.0,0.0,0.0,0.0,0.0
ROMERO A,0.0,0.0,0.0,0.0,0.0,0.0,0.0,0.0,0.0,0.0,0.0,0.0,0.0,6.0,5.0,-0.5,0.0,0.0,0.0,0.0,0.0,0.0,0.0,0.0,0.0,0.0,0.0,0.0,0.0,0.0,0.0,0.0,0.0,0.0,0.0,0.0,0.0,0.0
DE ZERBI,0.0,0.0,0.0,0.0,0.0,0.0,0.0,0.0,6.0,4.5,5.5,6.0,6.0,7.0,5.0,5.5,5.5,7.0,6.5,5.0,5.5,5.5,5.0,7.0,6.0,7.5,6.0,5.0,5.0,6.0,6.0,5.5,7.0,6.0,6.0,6.5,6.0,0.0
PIERINI N,0.0,0.0,0.0,0.0,0.0,0.0,0.0,0.0,0.0,5.5,5.5,0.0,0.0,0.0,0.0,0.0,0.0,0.0,0.0,0.0,0.0,0.0,0.0,0.0,0.0,0.0,0.0,0.0,0.0,0.0,0.0,0.0,0.0,0.0,0.0,0.0,0.0,0.0
SCAMACCA,0.0,0.0,0.0,0.0,0.0,0.0,0.0,0.0,0.0,0.0,0.0,0.0,6.0,0.0,0.0,0.0,0.0,0.0,0.0,0.0,0.0,0.0,0.0,0.0,0.0,0.0,0.0,0.0,0.0,0.0,0.0,0.0,0.0,0.0,0.0,0.0,0.0,0.0
INGELSSON,0.0,0.0,0.0,0.0,0.0,0.0,0.0,0.0,0.0,6.0,0.0,0.0,0.0,0.0,0.0,0.0,0.0,0.0,0.0,0.0,0.0,0.0,0.0,0.0,0.0,5.5,0.0,0.0,5.0,5.5,0.0,9.5,0.0,0.0,0.0,0.0,0.0,0.0
HAAS,0.0,0.0,0.0,0.0,0.0,0.0,0.0,0.0,0.0,0.0,6.0,6.0,0.0,0.0,0.0,0.0,0.0,0.0,0.0,6.0,0.0,0.0,0.0,0.0,5.5,5.0,0.0,0.0,0.0,0.0,0.0,0.0,0.0,0.0,0.0,5.5,0.0,0.0
DE SCIGLIO,0.0,0.0,0.0,0.0,0.0,0.0,0.0,0.0,0.0,0.0,6.5,0.0,10.0,6.5,6.0,7.0,0.0,0.0,0.0,0.0,6.0,6.5,0.0,5.5,6.5,0.0,6.5,6.5,0.0,0.0,0.0,0.0,0.0,0.0,0.0,6.0,0.0,0.0
FELIPE ANDERSON,0.0,0.0,0.0,0.0,0.0,0.0,0.0,0.0,0.0,0.0,11.5,0.0,0.0,0.0,6.0,6.5,10.0,6.5,6.0,6.0,6.5,5.5,0.0,0.0,9.0,5.5,7.5,6.0,7.5,6.5,6.0,10.0,7.5,0.0,6.5,6.0,10.0,0.0
SEPE,0.0,0.0,0.0,0.0,0.0,0.0,0.0,0.0,0.0,0.0,7.0,0.0,0.0,0.0,0.0,0.0,0.0,0.0,0.0,0.0,0.0,0.0,0.0,0.0,0.0,0.0,0.0,0.0,0.0,0.0,0.0,0.0,0.0,0.0,0.0,0.0,0.0,0.0
ROGERIO,0.0,0.0,0.0,0.0,0.0,0.0,0.0,0.0,0.0,0.0,0.0,0.0,0.0,0.0,0.0,0.0,0.0,0.0,0.0,0.0,0.0,0.0,6.0,0.0,5.5,0.0,0.0,0.0,4.5,5.5,5.0,5.5,6.0,5.0,6.0,6.0,5.5,0.0
BURDISSO,0.0,0.0,0.0,0.0,0.0,0.0,0.0,0.0,0.0,0.0,5.5,6.5,5.0,6.0,6.0,4.0,6.0,6.0,5.0,6.5,6.0,6.0,6.5,6.0,5.0,5.5,0.0,0.0,6.0,6.5,5.5,6.0,6.0,6.0,4.0,6.0,0.0,0.0
ODDO,0.0,0.0,0.0,0.0,0.0,0.0,0.0,0.0,0.0,0.0,5.0,0.0,6.5,7.0,6.5,7.5,7.5,7.0,6.0,6.0,6.0,6.0,5.5,6.0,5.0,5.0,5.5,5.0,5.5,5.5,5.0,6.0,5.5,0.0,0.0,0.0,0.0,0.0
BALLARDINI,0.0,0.0,0.0,0.0,0.0,0.0,0.0,0.0,0.0,0.0,0.0,7.0,6.5,7.0,5.5,6.5,6.5,6.5,7.0,5.0,5.5,7.0,6.5,7.5,5.5,7.0,6.0,5.5,5.5,6.0,7.0,6.0,7.0,5.0,6.5,5.5,6.0,0.0
GAUDINO,0.0,0.0,0.0,0.0,0.0,0.0,0.0,0.0,0.0,0.0,0.0,0.0,0.0,0.0,0.0,0.0,0.0,0.0,0.0,0.0,0.0,0.0,6.0,0.0,0.0,0.0,0.0,0.0,0.0,0.0,0.0,0.0,0.0,0.0,0.0,0.0,0.0,0.0
HOWEDES,0.0,0.0,0.0,0.0,0.0,0.0,0.0,0.0,0.0,0.0,0.0,0.0,6.0,0.0,0.0,0.0,0.0,0.0,0.0,0.0,0.0,0.0,0.0,0.0,0.0,0.0,0.0,0.0,0.0,0.0,9.0,0.0,5.5,0.0,0.0,0.0,0.0,0.0
JAROSZYNSKI,0.0,0.0,0.0,0.0,0.0,0.0,0.0,0.0,0.0,0.0,0.0,0.0,0.0,0.0,6.0,0.0,5.0,0.0,0.0,0.0,6.5,5.5,0.0,0.0,6.0,0.0,0.0,4.0,0.0,0.0,6.0,5.0,6.0,5.0,0.0,0.0,0.0,0.0
GATTUSO,0.0,0.0,0.0,0.0,0.0,0.0,0.0,0.0,0.0,0.0,0.0,0.0,0.0,5.0,6.0,4.5,4.5,6.0,6.5,6.5,7.0,6.0,7.0,7.0,7.5,5.5,7.0,6.5,6.5,6.0,6.5,6.0,4.0,7.0,7.0,6.0,8.0,0.0
EMERSON,0.0,0.0,0.0,0.0,0.0,0.0,0.0,0.0,0.0,0.0,0.0,0.0,0.0,6.0,0.0,0.0,0.0,0.0,0.0,0.0,0.0,0.0,0.0,0.0,0.0,0.0,0.0,0.0,0.0,0.0,0.0,0.0,0.0,0.0,0.0,0.0,0.0,0.0
GOLDANIGA,0.0,0.0,0.0,0.0,0.0,0.0,0.0,0.0,0.0,0.0,0.0,0.0,0.0,5.0,10.0,6.0,6.5,0.0,6.0,6.0,4.0,0.0,5.5,4.5,0.0,5.5,6.0,6.5,5.0,0.0,0.0,0.0,0.0,0.0,0.0,0.0,0.0,0.0
IACHINI,0.0,0.0,0.0,0.0,0.0,0.0,0.0,0.0,0.0,0.0,0.0,0.0,0.0,5.0,6.5,7.5,6.5,7.0,5.0,6.5,5.0,4.0,5.0,5.0,5.0,7.0,6.5,6.5,6.5,6.0,6.0,6.5,7.0,5.5,7.0,7.0,5.5,0.0
ZUCULINI F,0.0,0.0,0.0,0.0,0.0,0.0,0.0,0.0,0.0,0.0,0.0,0.0,0.0,0.0,0.0,0.0,0.0,0.0,0.0,0.0,0.0,0.0,0.0,0.0,6.0,0.0,5.5,0.0,0.0,6.5,0.0,6.0,0.0,0.0,5.5,5.5,6.0,0.0
BRIGNOLA,0.0,0.0,0.0,0.0,0.0,0.0,0.0,0.0,0.0,0.0,0.0,0.0,0.0,6.0,0.0,0.0,0.0,6.5,9.5,5.5,0.0,5.0,9.5,6.0,6.5,8.0,6.0,9.0,0.0,5.5,5.0,6.0,6.0,6.0,0.0,7.5,5.5,0.0
CALVANO,0.0,0.0,0.0,0.0,0.0,0.0,0.0,0.0,0.0,0.0,0.0,0.0,0.0,0.0,0.0,0.0,0.0,0.0,6.0,5.5,6.0,6.0,5.5,6.0,6.0,6.0,6.5,4.5,6.0,0.0,0.0,0.0,0.0,6.0,5.0,0.0,0.0,0.0
ZENGA,0.0,0.0,0.0,0.0,0.0,0.0,0.0,0.0,0.0,0.0,0.0,0.0,0.0,0.0,5.5,6.0,5.0,6.0,5.5,7.0,6.0,6.5,6.5,5.5,5.0,4.5,7.5,4.5,5.0,6.5,5.5,7.0,7.0,7.0,5.0,6.5,5.0,0.0
MILENKOVIC,0.0,0.0,0.0,0.0,0.0,0.0,0.0,0.0,0.0,0.0,0.0,0.0,0.0,0.0,0.0,0.0,6.5,0.0,0.0,0.0,6.0,6.0,5.5,4.0,0.0,6.0,6.0,6.0,0.0,6.0,6.0,5.0,5.5,7.0,5.5,5.5,4.5,0.0
TUPTA,0.0,0.0,0.0,0.0,0.0,0.0,0.0,0.0,0.0,0.0,0.0,0.0,0.0,0.0,0.0,0.0,5.5,0.0,0.0,0.0,0.0,0.0,0.0,0.0,0.0,0.0,0.0,0.0,0.0,6.0,0.0,0.0,0.0,0.0,0.0,0.0,0.0,0.0
ROSSI,0.0,0.0,0.0,0.0,0.0,0.0,0.0,0.0,0.0,0.0,0.0,0.0,0.0,0.0,0.0,0.0,0.0,5.5,0.0,0.0,0.0,0.0,0.0,0.0,0.0,0.0,0.0,6.0,6.0,0.0,0.0,6.0,0.0,6.0,9.5,6.0,5.5,0.0
FARAGO,0.0,0.0,0.0,0.0,0.0,0.0,0.0,0.0,0.0,0.0,0.0,0.0,0.0,0.0,0.0,0.0,0.0,6.5,6.5,6.5,5.5,6.0,0.0,5.5,6.0,6.5,6.0,5.5,5.0,6.0,5.5,5.5,6.5,5.5,6.5,6.5,6.5,0.0
BANI,0.0,0.0,0.0,0.0,0.0,0.0,0.0,0.0,0.0,0.0,0.0,0.0,0.0,0.0,0.0,0.0,0.0,0.0,6.5,5.5,6.5,4.5,6.0,5.5,6.0,6.0,6.0,5.5,5.5,5.5,4.5,0.0,5.5,5.0,5.5,0.0,0.0,0.0
MAZZARRI,0.0,0.0,0.0,0.0,0.0,0.0,0.0,0.0,0.0,0.0,0.0,0.0,0.0,0.0,0.0,0.0,0.0,0.0,7.0,6.0,6.5,5.5,6.5,5.0,5.5,6.5,5.5,5.0,7.0,7.0,6.0,6.0,5.5,5.5,6.5,7.0,6.5,0.0
FELICIOLI,0.0,0.0,0.0,0.0,0.0,0.0,0.0,0.0,0.0,0.0,0.0,0.0,0.0,0.0,0.0,0.0,0.0,0.0,0.0,0.0,0.0,0.0,0.0,0.0,0.0,5.0,6.0,5.5,0.0,0.0,6.0,0.0,0.0,0.0,0.0,0.0,0.0,0.0
BILLONG,0.0,0.0,0.0,0.0,0.0,0.0,0.0,0.0,0.0,0.0,0.0,0.0,0.0,0.0,0.0,0.0,0.0,0.0,6.0,5.0,5.0,0.0,0.0,0.0,0.0,0.0,0.0,5.0,0.0,0.0,0.0,5.0,0.0,0.0,0.0,0.0,0.0,0.0
DZEMAILI,0.0,0.0,0.0,0.0,0.0,0.0,0.0,0.0,0.0,0.0,0.0,0.0,0.0,0.0,0.0,0.0,0.0,0.0,0.0,9.5,6.5,6.0,6.5,6.0,6.0,5.0,6.0,6.0,0.0,6.0,5.5,5.0,5.5,0.0,0.0,5.0,5.0,0.0
BENALI,0.0,0.0,0.0,0.0,0.0,0.0,0.0,0.0,0.0,0.0,0.0,0.0,0.0,0.0,0.0,0.0,0.0,0.0,0.0,8.0,6.0,5.0,6.0,9.0,5.5,6.0,6.5,5.0,5.5,0.0,0.0,0.0,0.0,0.0,0.0,0.0,0.0,0.0
GUILHERME,0.0,0.0,0.0,0.0,0.0,0.0,0.0,0.0,0.0,0.0,0.0,0.0,0.0,0.0,0.0,0.0,0.0,0.0,0.0,6.0,6.5,5.0,9.5,0.0,6.5,6.5,5.0,7.5,9.5,7.0,6.5,0.0,0.0,0.0,0.0,0.0,5.5,0.0
CIONEK,0.0,0.0,0.0,0.0,0.0,0.0,0.0,0.0,0.0,0.0,0.0,0.0,0.0,0.0,0.0,0.0,0.0,0.0,0.0,6.0,6.5,5.5,0.0,0.0,5.0,6.5,6.0,6.5,6.5,9.0,6.5,6.0,5.5,6.0,6.5,5.0,0.0,0.0
DRAME',0.0,0.0,0.0,0.0,0.0,0.0,0.0,0.0,0.0,0.0,0.0,0.0,0.0,0.0,0.0,0.0,0.0,0.0,0.0,0.0,0.0,0.0,0.0,5.0,6.0,0.0,0.0,0.0,0.0,0.0,0.0,0.0,0.0,0.0,0.0,0.0,0.0,0.0
RAFINHA,0.0,0.0,0.0,0.0,0.0,0.0,0.0,0.0,0.0,0.0,0.0,0.0,0.0,0.0,0.0,0.0,0.0,0.0,0.0,0.0,0.0,6.5,6.5,6.0,5.5,6.0,6.0,6.5,7.0,6.5,6.0,8.0,7.5,6.5,10.5,10.0,5.0,0.0
VUKOVIC,0.0,0.0,0.0,0.0,0.0,0.0,0.0,0.0,0.0,0.0,0.0,0.0,0.0,0.0,0.0,0.0,0.0,0.0,0.0,0.0,10.0,5.5,5.5,5.5,8.0,5.0,6.0,5.0,4.0,6.5,5.0,5.5,5.5,5.0,0.0,6.0,0.0,0.0
CASTAN,0.0,0.0,0.0,0.0,0.0,0.0,0.0,0.0,0.0,0.0,0.0,0.0,0.0,0.0,0.0,0.0,0.0,0.0,0.0,0.0,6.5,7.5,6.0,5.5,4.0,5.0,6.0,5.0,4.5,6.0,5.0,5.5,6.0,4.0,0.0,0.0,0.0,0.0
LYKOGIANNIS,0.0,0.0,0.0,0.0,0.0,0.0,0.0,0.0,0.0,0.0,0.0,0.0,0.0,0.0,0.0,0.0,0.0,0.0,0.0,0.0,6.0,0.0,5.5,7.5,5.5,5.5,0.0,0.0,0.0,0.0,0.0,6.0,-0.5,0.0,5.0,8.0,6.5,0.0
SANDRO,0.0,0.0,0.0,0.0,0.0,0.0,0.0,0.0,0.0,0.0,0.0,0.0,0.0,0.0,0.0,0.0,0.0,0.0,0.0,0.0,6.0,5.0,5.5,9.5,6.5,0.0,0.0,5.5,5.0,5.5,6.0,0.0,7.0,6.5,5.5,6.5,6.5,0.0
MERET,0.0,0.0,0.0,0.0,0.0,0.0,0.0,0.0,0.0,0.0,0.0,0.0,0.0,0.0,0.0,0.0,0.0,0.0,0.0,0.0,5.5,4.0,1.0,6.0,5.0,7.0,9.5,7.5,8.5,5.5,8.0,7.0,4.0,0.0,0.0,0.0,0.0,0.0
AVENATTI,0.0,0.0,0.0,0.0,0.0,0.0,0.0,0.0,0.0,0.0,0.0,0.0,0.0,0.0,0.0,0.0,0.0,0.0,0.0,0.0,0.0,0.0,0.0,6.0,0.0,6.0,4.5,0.0,0.0,5.5,0.0,6.0,0.0,6.0,5.0,5.0,5.0,0.0
PEREIRA P,0.0,0.0,0.0,0.0,0.0,0.0,0.0,0.0,0.0,0.0,0.0,0.0,0.0,0.0,0.0,0.0,0.0,0.0,0.0,0.0,0.0,6.5,5.5,0.0,0.0,5.5,0.0,0.0,0.0,6.0,5.0,0.0,0.0,0.0,0.0,0.0,6.0,0.0
MEDEIROS,0.0,0.0,0.0,0.0,0.0,0.0,0.0,0.0,0.0,0.0,0.0,0.0,0.0,0.0,0.0,0.0,0.0,0.0,0.0,0.0,0.0,6.0,0.0,0.0,6.0,10.0,0.0,0.0,0.0,0.0,7.5,6.0,10.0,5.5,5.5,5.5,5.5,0.0
HILJEMARK,0.0,0.0,0.0,0.0,0.0,0.0,0.0,0.0,0.0,0.0,0.0,0.0,0.0,0.0,0.0,0.0,0.0,0.0,0.0,0.0,0.0,7.5,6.0,6.0,6.5,8.0,5.5,6.0,5.5,6.0,6.0,5.0,4.5,5.5,7.5,5.5,0.0,0.0
LEMOS,0.0,0.0,0.0,0.0,0.0,0.0,0.0,0.0,0.0,0.0,0.0,0.0,0.0,0.0,0.0,0.0,0.0,0.0,0.0,0.0,0.0,3.0,0.0,0.0,0.0,0.0,0.0,0.0,0.0,5.0,0.0,10.0,6.0,5.0,6.5,6.5,6.0,0.0
ZAMPANO,0.0,0.0,0.0,0.0,0.0,0.0,0.0,0.0,0.0,0.0,0.0,0.0,0.0,0.0,0.0,0.0,0.0,0.0,0.0,0.0,0.0,6.5,5.0,0.0,0.0,0.0,0.0,0.0,5.5,0.0,0.0,9.0,5.5,6.0,0.0,0.0,0.0,0.0
AARONS,0.0,0.0,0.0,0.0,0.0,0.0,0.0,0.0,0.0,0.0,0.0,0.0,0.0,0.0,0.0,0.0,0.0,0.0,0.0,0.0,0.0,5.0,5.5,5.5,0.0,0.0,0.0,5.5,5.0,5.5,5.0,0.0,0.0,0.0,6.0,5.5,5.5,0.0
BARROW,0.0,0.0,0.0,0.0,0.0,0.0,0.0,0.0,0.0,0.0,0.0,0.0,0.0,0.0,0.0,0.0,0.0,0.0,0.0,0.0,0.0,0.0,0.0,0.0,0.0,6.0,0.0,0.0,0.0,6.5,6.5,10.0,7.5,10.0,10.0,5.5,6.0,0.0
LISANDRO LOPEZ,0.0,0.0,0.0,0.0,0.0,0.0,0.0,0.0,0.0,0.0,0.0,0.0,0.0,0.0,0.0,0.0,0.0,0.0,0.0,0.0,0.0,0.0,5.5,0.0,0.0,0.0,0.0,0.0,0.0,0.0,0.0,0.0,0.0,0.0,0.0,0.0,0.0,0.0
TONELLI,0.0,0.0,0.0,0.0,0.0,0.0,0.0,0.0,0.0,0.0,0.0,0.0,0.0,0.0,0.0,0.0,0.0,0.0,0.0,0.0,0.0,0.0,5.5,0.0,0.0,0.0,0.0,0.0,0.0,5.5,0.0,9.5,0.0,4.0,0.0,0.0,0.0,0.0
SAGNA,0.0,0.0,0.0,0.0,0.0,0.0,0.0,0.0,0.0,0.0,0.0,0.0,0.0,0.0,0.0,0.0,0.0,0.0,0.0,0.0,0.0,0.0,5.5,5.5,6.0,0.0,6.5,5.5,0.0,6.0,5.5,5.5,6.0,10.0,5.5,6.5,6.0,0.0
SIMIC L,0.0,0.0,0.0,0.0,0.0,0.0,0.0,0.0,0.0,0.0,0.0,0.0,0.0,0.0,0.0,0.0,0.0,0.0,0.0,0.0,0.0,0.0,5.0,0.0,9.5,0.0,0.0,0.0,0.0,0.0,0.0,0.0,6.0,0.0,0.0,0.0,7.0,0.0
EVERTON LUIZ,0.0,0.0,0.0,0.0,0.0,0.0,0.0,0.0,0.0,0.0,0.0,0.0,0.0,0.0,0.0,0.0,0.0,0.0,0.0,0.0,0.0,0.0,6.0,0.0,0.0,6.0,0.0,-0.5,6.5,5.5,5.5,0.0,4.5,6.0,6.0,4.5,0.0,0.0
DABO,0.0,0.0,0.0,0.0,0.0,0.0,0.0,0.0,0.0,0.0,0.0,0.0,0.0,0.0,0.0,0.0,0.0,0.0,0.0,0.0,0.0,0.0,0.0,6.0,6.0,6.5,0.0,0.0,6.5,6.0,6.0,5.0,3.5,0.0,9.5,0.0,5.5,0.0
PINAMONTI,0.0,0.0,0.0,0.0,0.0,0.0,0.0,0.0,0.0,0.0,0.0,0.0,0.0,0.0,0.0,0.0,0.0,0.0,0.0,0.0,0.0,0.0,0.0,6.0,0.0,0.0,0.0,0.0,0.0,0.0,0.0,0.0,0.0,0.0,0.0,0.0,0.0,0.0
BOLDOR,0.0,0.0,0.0,0.0,0.0,0.0,0.0,0.0,0.0,0.0,0.0,0.0,0.0,0.0,0.0,0.0,0.0,0.0,0.0,0.0,0.0,0.0,0.0,5.0,0.0,0.0,0.0,0.0,0.0,0.0,0.0,0.0,0.0,0.0,0.0,0.0,0.0,0.0
HAN,0.0,0.0,0.0,0.0,0.0,0.0,0.0,0.0,0.0,0.0,0.0,0.0,0.0,0.0,0.0,0.0,0.0,0.0,0.0,0.0,0.0,0.0,0.0,0.0,6.0,0.0,6.5,5.0,5.5,0.0,0.0,0.0,5.5,0.0,0.0,0.0,0.0,0.0
TOSCA,0.0,0.0,0.0,0.0,0.0,0.0,0.0,0.0,0.0,0.0,0.0,0.0,0.0,0.0,0.0,0.0,0.0,0.0,0.0,0.0,0.0,0.0,0.0,6.0,5.5,6.5,5.5,5.5,4.0,5.5,5.5,4.0,7.0,5.5,0.0,6.0,6.0,0.0
DIABATE',0.0,0.0,0.0,0.0,0.0,0.0,0.0,0.0,0.0,0.0,0.0,0.0,0.0,0.0,0.0,0.0,0.0,0.0,0.0,0.0,0.0,0.0,0.0,10.0,0.0,13.5,5.5,0.0,0.0,13.5,13.5,5.0,3.5,0.0,5.5,10.0,5.0,0.0
ROMAGNOLI S,0.0,0.0,0.0,0.0,0.0,0.0,0.0,0.0,0.0,0.0,0.0,0.0,0.0,0.0,0.0,0.0,0.0,0.0,0.0,0.0,0.0,0.0,0.0,0.0,6.5,0.0,5.0,6.0,0.0,0.0,0.0,6.0,6.5,5.5,6.0,0.0,6.0,0.0
ANDERSEN,0.0,0.0,0.0,0.0,0.0,0.0,0.0,0.0,0.0,0.0,0.0,0.0,0.0,0.0,0.0,0.0,0.0,0.0,0.0,0.0,0.0,0.0,0.0,0.0,0.0,6.0,0.0,0.0,0.0,0.0,0.0,0.0,5.5,6.0,6.0,6.0,5.0,0.0
DELL'ORCO,0.0,0.0,0.0,0.0,0.0,0.0,0.0,0.0,0.0,0.0,0.0,0.0,0.0,0.0,0.0,0.0,0.0,0.0,0.0,0.0,0.0,0.0,0.0,0.0,0.0,6.5,0.0,7.0,0.0,6.0,5.0,0.0,6.0,0.0,6.0,6.0,0.0,0.0
BONIFAZI,0.0,0.0,0.0,0.0,0.0,0.0,0.0,0.0,0.0,0.0,0.0,0.0,0.0,0.0,0.0,0.0,0.0,0.0,0.0,0.0,0.0,0.0,0.0,0.0,0.0,6.5,0.0,0.0,6.5,0.0,6.0,0.0,5.0,0.0,6.5,0.0,5.5,0.0
SILVESTRI,0.0,0.0,0.0,0.0,0.0,0.0,0.0,0.0,0.0,0.0,0.0,0.0,0.0,0.0,0.0,0.0,0.0,0.0,0.0,0.0,0.0,0.0,0.0,0.0,0.0,4.0,0.0,0.0,0.0,0.0,0.0,0.0,0.0,0.0,2.0,0.0,0.0,0.0
CETER,0.0,0.0,0.0,0.0,0.0,0.0,0.0,0.0,0.0,0.0,0.0,0.0,0.0,0.0,0.0,0.0,0.0,0.0,0.0,0.0,0.0,0.0,0.0,0.0,0.0,5.5,0.0,6.0,5.5,5.5,0.0,5.0,0.0,0.0,0.0,0.0,0.0,0.0
ZANELLATO,0.0,0.0,0.0,0.0,0.0,0.0,0.0,0.0,0.0,0.0,0.0,0.0,0.0,0.0,0.0,0.0,0.0,0.0,0.0,0.0,0.0,0.0,0.0,0.0,0.0,5.5,0.0,0.0,0.0,0.0,0.0,0.0,0.0,0.0,0.0,0.0,0.0,0.0
VOLPICELLI,0.0,0.0,0.0,0.0,0.0,0.0,0.0,0.0,0.0,0.0,0.0,0.0,0.0,0.0,0.0,0.0,0.0,0.0,0.0,0.0,0.0,0.0,0.0,0.0,0.0,0.0,0.0,0.0,0.0,0.0,0.0,0.0,0.0,0.0,0.0,0.0,0.0,0.0
SANTURRO,0.0,0.0,0.0,0.0,0.0,0.0,0.0,0.0,0.0,0.0,0.0,0.0,0.0,0.0,0.0,0.0,0.0,0.0,0.0,0.0,0.0,0.0,0.0,0.0,0.0,0.0,0.0,0.0,5.0,0.0,0.0,0.0,0.0,0.0,0.0,0.0,0.0,0.0
PONTISSO,0.0,0.0,0.0,0.0,0.0,0.0,0.0,0.0,0.0,0.0,0.0,0.0,0.0,0.0,0.0,0.0,0.0,0.0,0.0,0.0,0.0,0.0,0.0,0.0,0.0,0.0,0.0,0.0,0.0,0.0,0.0,0.0,0.0,0.0,0.0,0.0,0.0,0.0
BIANCHETTI,0.0,0.0,0.0,0.0,0.0,0.0,0.0,0.0,0.0,0.0,0.0,0.0,0.0,0.0,0.0,0.0,0.0,0.0,0.0,0.0,0.0,0.0,0.0,0.0,0.0,0.0,0.0,0.0,5.0,6.0,0.0,0.0,0.0,0.0,0.0,0.0,0.0,0.0
VITALE,0.0,0.0,0.0,0.0,0.0,0.0,0.0,0.0,0.0,0.0,0.0,0.0,0.0,0.0,0.0,0.0,0.0,0.0,0.0,0.0,0.0,0.0,0.0,0.0,0.0,0.0,0.0,0.0,0.0,0.0,5.5,0.0,0.0,0.0,0.0,0.0,0.0,0.0
PEGOLO,0.0,0.0,0.0,0.0,0.0,0.0,0.0,0.0,0.0,0.0,0.0,0.0,0.0,0.0,0.0,0.0,0.0,0.0,0.0,0.0,0.0,0.0,0.0,0.0,0.0,0.0,0.0,0.0,0.0,0.0,7.0,0.0,0.0,0.0,0.0,0.0,2.0,0.0
DIABY,0.0,0.0,0.0,0.0,0.0,0.0,0.0,0.0,0.0,0.0,0.0,0.0,0.0,0.0,0.0,0.0,0.0,0.0,0.0,0.0,0.0,0.0,0.0,0.0,0.0,0.0,0.0,0.0,0.0,0.0,0.0,6.0,0.0,0.0,0.0,0.0,0.0,0.0
KEITA C,0.0,0.0,0.0,0.0,0.0,0.0,0.0,0.0,0.0,0.0,0.0,0.0,0.0,0.0,0.0,0.0,0.0,0.0,0.0,0.0,0.0,0.0,0.0,0.0,0.0,0.0,0.0,0.0,0.0,0.0,0.0,5.0,0.0,0.0,5.5,0.0,0.0,0.0
DRAGOWSKI,0.0,0.0,0.0,0.0,0.0,0.0,0.0,0.0,0.0,0.0,0.0,0.0,0.0,0.0,0.0,0.0,0.0,0.0,0.0,0.0,0.0,0.0,0.0,0.0,0.0,0.0,0.0,0.0,0.0,0.0,0.0,1.5,5.5,0.0,0.0,0.0,1.5,0.0
EL YAMIQ,0.0,0.0,0.0,0.0,0.0,0.0,0.0,0.0,0.0,0.0,0.0,0.0,0.0,0.0,0.0,0.0,0.0,0.0,0.0,0.0,0.0,0.0,0.0,0.0,0.0,0.0,0.0,0.0,0.0,0.0,0.0,6.5,0.0,0.0,5.0,6.0,5.0,0.0
DANZI,0.0,0.0,0.0,0.0,0.0,0.0,0.0,0.0,0.0,0.0,0.0,0.0,0.0,0.0,0.0,0.0,0.0,0.0,0.0,0.0,0.0,0.0,0.0,0.0,0.0,0.0,0.0,0.0,0.0,0.0,0.0,6.0,4.5,0.0,5.0,5.5,5.5,0.0
CALIGARA,0.0,0.0,0.0,0.0,0.0,0.0,0.0,0.0,0.0,0.0,0.0,0.0,0.0,0.0,0.0,0.0,0.0,0.0,0.0,0.0,0.0,0.0,0.0,0.0,0.0,0.0,0.0,0.0,0.0,0.0,0.0,6.0,0.0,0.0,0.0,0.0,0.0,0.0
SILVA J,0.0,0.0,0.0,0.0,0.0,0.0,0.0,0.0,0.0,0.0,0.0,0.0,0.0,0.0,0.0,0.0,0.0,0.0,0.0,0.0,0.0,0.0,0.0,0.0,0.0,0.0,0.0,0.0,0.0,0.0,0.0,0.0,6.0,0.0,6.0,0.0,0.0,0.0
TUDOR,0.0,0.0,0.0,0.0,0.0,0.0,0.0,0.0,0.0,0.0,0.0,0.0,0.0,0.0,0.0,0.0,0.0,0.0,0.0,0.0,0.0,0.0,0.0,0.0,0.0,0.0,0.0,0.0,0.0,0.0,0.0,0.0,0.0,6.0,5.5,6.5,7.0,0.0
D'ANNA,0.0,0.0,0.0,0.0,0.0,0.0,0.0,0.0,0.0,0.0,0.0,0.0,0.0,0.0,0.0,0.0,0.0,0.0,0.0,0.0,0.0,0.0,0.0,0.0,0.0,0.0,0.0,0.0,0.0,0.0,0.0,0.0,0.0,0.0,7.0,7.0,7.0,0.0
CAPRADOSSI,0.0,0.0,0.0,0.0,0.0,0.0,0.0,0.0,0.0,0.0,0.0,0.0,0.0,0.0,0.0,0.0,0.0,0.0,0.0,0.0,0.0,0.0,0.0,0.0,0.0,0.0,0.0,0.0,0.0,0.0,0.0,0.0,0.0,0.0,6.0,0.0,6.0,0.0
STIJEPOVIC,0.0,0.0,0.0,0.0,0.0,0.0,0.0,0.0,0.0,0.0,0.0,0.0,0.0,0.0,0.0,0.0,0.0,0.0,0.0,0.0,0.0,0.0,0.0,0.0,0.0,0.0,0.0,0.0,0.0,0.0,0.0,0.0,0.0,0.0,0.0,0.0,0.0,0.0
SPERANDEO,0.0,0.0,0.0,0.0,0.0,0.0,0.0,0.0,0.0,0.0,0.0,0.0,0.0,0.0,0.0,0.0,0.0,0.0,0.0,0.0,0.0,0.0,0.0,0.0,0.0,0.0,0.0,0.0,0.0,0.0,0.0,0.0,0.0,0.0,4.5,0.0,0.0,0.0
LAMANNA,0.0,0.0,0.0,0.0,0.0,0.0,0.0,0.0,0.0,0.0,0.0,0.0,0.0,0.0,0.0,0.0,0.0,0.0,0.0,0.0,0.0,0.0,0.0,0.0,0.0,0.0,0.0,0.0,0.0,0.0,0.0,0.0,0.0,0.0,0.0,5.5,0.0,0.0
SANOGO,0.0,0.0,0.0,0.0,0.0,0.0,0.0,0.0,0.0,0.0,0.0,0.0,0.0,0.0,0.0,0.0,0.0,0.0,0.0,0.0,0.0,0.0,0.0,0.0,0.0,0.0,0.0,0.0,0.0,0.0,0.0,0.0,0.0,0.0,0.0,0.0,6.0,0.0
ROSSI F,0.0,0.0,0.0,0.0,0.0,0.0,0.0,0.0,0.0,0.0,0.0,0.0,0.0,0.0,0.0,0.0,0.0,0.0,0.0,0.0,0.0,0.0,0.0,0.0,0.0,0.0,0.0,0.0,0.0,0.0,0.0,0.0,0.0,0.0,0.0,0.0,4.5,0.0
PINSOGLIO,0.0,0.0,0.0,0.0,0.0,0.0,0.0,0.0,0.0,0.0,0.0,0.0,0.0,0.0,0.0,0.0,0.0,0.0,0.0,0.0,0.0,0.0,0.0,0.0,0.0,0.0,0.0,0.0,0.0,0.0,0.0,0.0,0.0,0.0,0.0,0.0,5.0,0.0
TORRASI,0.0,0.0,0.0,0.0,0.0,0.0,0.0,0.0,0.0,0.0,0.0,0.0,0.0,0.0,0.0,0.0,0.0,0.0,0.0,0.0,0.0,0.0,0.0,0.0,0.0,0.0,0.0,0.0,0.0,0.0,0.0,0.0,0.0,0.0,0.0,0.0,0.0,0.0
SKORUPSKI,0.0,0.0,0.0,0.0,0.0,0.0,0.0,0.0,0.0,0.0,0.0,0.0,0.0,0.0,0.0,0.0,0.0,0.0,0.0,0.0,0.0,0.0,0.0,0.0,0.0,0.0,0.0,0.0,0.0,0.0,0.0,0.0,0.0,0.0,0.0,0.0,7.5,0.0
MILINKOVIC-SAVIC V,0.0,0.0,0.0,0.0,0.0,0.0,0.0,0.0,0.0,0.0,0.0,0.0,0.0,0.0,0.0,0.0,0.0,0.0,0.0,0.0,0.0,0.0,0.0,0.0,0.0,0.0,0.0,0.0,0.0,0.0,0.0,0.0,0.0,0.0,0.0,0.0,5.0,0.0
RUTJENS,0.0,0.0,0.0,0.0,0.0,0.0,0.0,0.0,0.0,0.0,0.0,0.0,0.0,0.0,0.0,0.0,0.0,0.0,0.0,0.0,0.0,0.0,0.0,0.0,0.0,0.0,0.0,0.0,0.0,0.0,0.0,0.0,0.0,0.0,0.0,0.0,0.0,0.0
MARCHEGIANI,0.0,0.0,0.0,0.0,0.0,0.0,0.0,0.0,0.0,0.0,0.0,0.0,0.0,0.0,0.0,0.0,0.0,0.0,0.0,0.0,0.0,0.0,0.0,0.0,0.0,0.0,0.0,0.0,0.0,0.0,0.0,0.0,0.0,0.0,0.0,0.0,1.0,0.0
